{"ac":{"r":["com","edu","gov","net","mil","org"]},"ad":{"r":["nom"]},"ae":{"r":["blogspot","sch","org","net","mil","gov","ac","co"]},"aero":{"r":["accident-investigation","passenger-association","accident-prevention","air-traffic-control","air-surveillance","groundhandling","civilaviation","certification","entertainment","workinggroup","championship","hanggliding","maintenance","parachuting","association","paragliding","ballooning","airtraffic","government","federation","rotorcraft","recreation","journalist","production","microlight","navigation","conference","consultant","consulting","aerodrome","modelling","ambulance","logistics","amusement","insurance","emergency","scientist","skydiving","aerobatic","equipment","homebuilt","exchange","services","catering","research","aeroclub","software","engineer","aircraft","magazine","educator","trainer","airline","journal","express","leasing","freight","trading","airport","repbody","charter","council","control","gliding","student","agents","broker","trader","engine","author","safety","flight","design","group","media","cargo","union","press","pilot","works","club","show","fuel","dgca","crew","res","caa"]},"af":{"r":["gov","com","org","net","edu"]},"ag":{"r":["com","org","nom","net","co"]},"ai":{"r":["off","com","net","org"]},"al":{"r":["blogspot","mil","gov","edu","net","org","com"]},"am":{"r":["blogspot"]},"ao":{"r":["ed","gv","og","co","pb","it"]},"aq":{},"ar":{"r":["blogspot.com","mil","gob","gov","int","edu","net","org","tur","com"]},"arpa":{"r":["in-addr","e164","iris","ip6","uri","urn"]},"as":{"r":["gov"]},"asia":{},"at":{"r":["blogspot.co","info","priv","biz","or","gv","co","ac"]},"au":{"r":["blogspot.com","nsw.edu","vic.gov","tas.gov","qld.edu","qld.gov","tas.edu","vic.edu","act.edu","sa.gov","wa.edu","sa.edu","wa.gov","nt.edu","info","conf","vic","com","tas","net","qld","org","nsw","act","edu","gov","asn","oz","id","nt","sa","wa"]},"aw":{"r":["com"]},"ax":{},"az":{"r":["info","name","com","gov","org","edu","int","pro","mil","net","biz","pp"]},"ba":{"r":["blogspot","unbi","unsa","gov","mil","edu","net","com","org","rs","co"]},"bb":{"r":["store","info","biz","edu","gov","com","org","net","co","tv"]},"bd":{"w":[""]},"be":{"r":["blogspot","ac"]},"bf":{"r":["gov"]},"bg":{"r":["blogspot","s","c","d","e","f","g","h","i","j","k","l","m","n","o","p","q","r","b","t","u","v","w","x","y","z","0","1","2","3","4","5","6","7","8","9","a"]},"bh":{"r":["com","edu","net","org","gov"]},"bi":{"r":["org","com","edu","or","co"]},"biz":{"r":["for-better","for-more","for-some","dscloud","for-the","selfip","webhop","mmafan","dyndns","no-ip","myftp"]},"bj":{"r":["blogspot","barreau","gouv","asso"]},"bm":{"r":["com","edu","gov","net","org"]},"bn":{"w":[""]},"bo":{"r":["com","edu","gov","gob","mil","org","net","int","tv"]},"br":{"r":["blogspot.com","radio","vlog","taxi","wiki","flog","coop","blog","psc","adm","bmd","cim","cng","cnt","com","ato","ecn","eco","edu","emp","eng","esp","etc","eti","far","art","zlg","fnd","fot","fst","g12","ggf","gov","imb","ind","inf","jor","jus","leg","lel","mat","med","mil","adv","mus","net","not","ntr","odo","org","ppg","pro","bio","psi","vet","arq","rec","slg","srv","agr","teo","tmp","trd","tur","qsl","tv","am","fm","mp","b"],"w":["nom"]},"bs":{"r":["com","net","org","edu","gov"]},"bt":{"r":["com","edu","gov","net","org"]},"bv":{},"bw":{"r":["org","co"]},"by":{"r":["blogspot.com","com","mil","gov","of"]},"bz":{"r":["com","net","org","gov","edu","za"]},"ca":{"r":["blogspot","no-ip","on","nb","nf","nl","ns","nt","nu","mb","pe","qc","sk","yk","gc","co","bc","ab"]},"cat":{},"cc":{"r":["fantasyleague","game-server","scrapping","ftpaccess","myphotos"]},"cd":{"r":["gov"]},"cf":{"r":["blogspot"]},"cg":{},"ch":{"r":["blogspot","gotdns"]},"ci":{"r":["aéroport","presse","gouv","asso","net","org","int","edu","com","co","go","ac","or","md","ed"]},"ck":{"w":[""],"e":["www"]},"cl":{"r":["blogspot","gob","mil","gov","co"]},"cm":{"r":["net","com","gov","co"]},"cn":{"r":["cn-north-1.compute.amazonaws","s3.cn-north-1.amazonaws.com","compute.amazonaws","org","com","gov","mil","edu","net","hn","ah","bj","cq","fj","gd","gs","gz","gx","ha","hb","he","hi","hl","網絡","jl","js","jx","ln","nm","nx","qh","sc","sd","sh","sn","sx","tj","xj","xz","yn","zj","hk","mo","tw","网络","公司","ac"]},"co":{"r":["blogspot.com","firm","info","arts","gov","edu","int","com","net","nom","org","rec","web","mil"]},"com":{"r":["ap-northeast-1.compute.amazonaws","ap-northeast-2.compute.amazonaws","ap-southeast-1.compute.amazonaws","ap-southeast-2.compute.amazonaws","s3-fips-us-gov-west-1.amazonaws","us-gov-west-1.compute.amazonaws","eu-central-1.compute.amazonaws","eu-west-1.compute.amazonaws","sa-east-1.compute.amazonaws","s3-ap-northeast-2.amazonaws","s3.ap-northeast-2.amazonaws","us-west-1.compute.amazonaws","us-west-2.compute.amazonaws","s3-ap-southeast-2.amazonaws","s3-ap-southeast-1.amazonaws","s3-ap-northeast-1.amazonaws","s3-us-gov-west-1.amazonaws","s3.eu-central-1.amazonaws","s3-eu-central-1.amazonaws","z-1.compute-1.amazonaws","z-2.compute-1.amazonaws","s3-external-1.amazonaws","s3-external-2.amazonaws","s3-us-west-2.amazonaws","s3-us-west-1.amazonaws","s3-eu-west-1.amazonaws","s3-sa-east-1.amazonaws","is-a-financialadvisor","is-a-personaltrainer","compute-1.amazonaws","us-east-1.amazonaws","servecounterstrike","is-a-cubicle-slave","pagespeedmobilizer","is-a-photographer","alpha.bounty-full","health-carereform","myactivedirectory","githubusercontent","compute.amazonaws","is-an-entertainer","is-a-conservative","is-into-cartoons","elasticbeanstalk","is-an-accountant","is-not-certified","issmarterthanyou","est-mon-blogueur","saves-the-whales","is-a-libertarian","mysecuritycamera","is-a-hard-worker","gist.githubcloud","beta.bounty-full","townnews-staging","securitytactics","is-a-bookkeeper","is-a-landscaper","cloudcontrolled","cloudcontrolapp","is-a-republican","homesecuritymac","est-a-la-maison","est-a-la-masion","is-with-theband","is-an-anarchist","outsystemscloud","is-an-engineer","is-a-anarchist","homesecuritypc","is-a-bulls-fan","dyndns-at-work","dyndns-at-home","writesthisblog","is-a-therapist","is-a-nascarfan","is-a-socialist","sells-for-less","is-into-games","is-a-rockstar","is-a-musician","space-to-rent","xenapponazure","is-a-designer","serveexchange","dyndns-server","dyndns-remote","est-le-patron","servehalflife","is-an-actress","isa-hockeynut","is-a-democrat","dyndns-office","elb.amazonaws","is-into-anime","unusualperson","pagefrontapp","is-into-cars","is-certified","workisboring","s3.amazonaws","is-an-artist","is-a-caterer","servesarcasm","dreamhosters","is-a-painter","is-a-liberal","teaches-yoga","is-a-teacher","is-a-student","is-a-blogger","ownprovider","is-an-actor","is-a-player","is-uberleet","is-a-techie","servehumour","sells-for-u","doesntexist","firebaseapp","dyndns-work","is-a-lawyer","dyndns-wiki","is-a-hunter","gotpantheon","bounty-full","is-a-doctor","githubcloud","dyndns-pics","dyndns-mail","dyndns-home","dyndns-free","dyndns-blog","withyoutube","ditchyourip","stufftoread","withgoogle","on-aptible","hobby-site","googleapis","likescandy","ciscofreak","dyn-o-saur","betainabox","vipsinaapp","simple-url","damnserver","dnsiskinky","operaunite","geekgalaxy","servequake","net-freaks","apps.fbsbx","freebox-os","is-a-nurse","point2this","is-a-green","quicksytes","is-a-llama","googlecode","3utilities","dyndns-web","is-a-guru","freeboxos","servegame","servebeer","is-a-geek","servehttp","onthewifi","servepics","dontexist","is-a-chef","xen.prgmr","iamallama","homelinux","herokussl","herokuapp","likes-pie","dyndns-ip","blogsyte","codespot","blogspot","servep2p","ddnsking","serveftp","serveirc","flynnhub","servemp3","dnsalias","is-a-cpa","rackmaze","servebbs","familyds","dynalias","is-slick","neat-url","homeunix","isa-geek","yolasite","from-mo","from-al","from-ar","from-ca","from-ct","getmyip","is-leet","doomdns","from-dc","from-de","from-fl","dnsdojo","from-ga","is-gone","cechire","from-hi","from-ia","from-id","blogdns","from-il","from-in","bloxcms","appspot","from-ks","from-ky","from-ma","from-md","mydrobo","from-mi","from-wy","from-mn","from-ak","dsmynas","nfshost","from-ms","from-mt","from-nc","from-wv","from-nd","from-wi","from-ne","sinaapp","rhcloud","from-wa","from-vt","from-va","from-nh","from-nj","from-nm","from-nv","from-pa","from-tx","from-tn","from-oh","from-sd","from-sc","from-ri","from-pr","from-ok","from-or","from-ut","selfip","gotdns","africa","dynns","1kapp","pgfog","myvnc","qa2","jpn","mex","za","gb","eu","qc","de","cn","no","ru","uy","uk","hu","se","kr","br","ar","gr","4u","co","ro","sa","hk","us"],"w":["githubcloudusercontent","api.githubcloud","ext.githubcloud","0emm"]},"coop":{},"cr":{"r":["ac","co","ed","fi","go","or","sa"]},"cu":{"r":["com","edu","org","net","gov","inf"]},"cv":{"r":["blogspot"]},"cw":{"r":["com","edu","net","org"]},"cx":{"r":["gov","ath"]},"cy":{"r":["blogspot.com","parliament","ekloges","press","name","pro","gov","com","org","biz","ltd","net","tm","ac"]},"cz":{"r":["blogspot","e4","co"]},"de":{"r":["fuettertdasnetz","traeumtgerade","lebtimnetz","isteingeek","leitungsen","blogspot","istmein","dnshome","goip","com"]},"dj":{},"dk":{"r":["blogspot","store","firm","reg","biz","co"]},"dm":{"r":["com","net","org","edu","gov"]},"do":{"r":["art","com","edu","gob","gov","mil","net","org","sld","web"]},"dz":{"r":["asso","edu","net","gov","org","com","pol","art"]},"ec":{"r":["info","pro","net","fin","k12","med","com","org","edu","gov","gob","mil"]},"edu":{},"ee":{"r":["blogspot.com","riik","com","lib","med","gov","pri","aip","org","fie","edu"]},"eg":{"r":["blogspot.com","name","eun","gov","mil","edu","net","org","sci","com"]},"er":{"w":[""]},"es":{"r":["blogspot.com","gob","org","nom","edu","com"]},"et":{"r":["name","info","biz","edu","org","com","gov","net"]},"eu":{},"fi":{"r":["blogspot","aland","iki","dy"]},"fj":{"w":[""]},"fk":{"w":[""]},"fm":{},"fo":{},"fr":{"r":["chirurgiens-dentistes-en-france","chirurgiens-dentistes","experts-comptables","huissier-justice","geometre-expert","veterinaire","freebox-os","pharmacien","freeboxos","chambagri","aeroport","blogspot","notaires","assedic","medecin","avoues","fbx-os","presse","avocat","fbxos","greta","port","gouv","asso","nom","cci","prd","com","tm"]},"ga":{},"gb":{},"gd":{},"ge":{"r":["com","edu","gov","org","mil","net","pvt"]},"gf":{},"gg":{"r":["org","net","co"]},"gh":{"r":["com","edu","gov","org","mil"]},"gi":{"r":["com","ltd","gov","mod","edu","org"]},"gl":{"r":["org","com","net","edu","co"]},"gm":{},"gn":{"r":["net","com","edu","org","gov","ac"]},"gov":{},"gp":{"r":["asso","mobi","edu","net","org","com"]},"gq":{},"gr":{"r":["blogspot","org","net","edu","gov","com"]},"gs":{},"gt":{"r":["com","edu","gob","ind","mil","net","org"]},"gu":{"w":[""]},"gw":{},"gy":{"r":["org","com","edu","net","gov","co"]},"hk":{"r":["blogspot","net","gov","idv","edu","org","ltd","com","inc","政府","個人","个人","敎育","網络","网络","组織","網絡","网絡","组织","組織","組织","教育","公司","箇人"]},"hm":{},"hn":{"r":["com","edu","org","net","mil","gob"]},"hr":{"r":["blogspot","from","name","com","iz"]},"ht":{"r":["perso","adult","firm","info","shop","gouv","asso","coop","med","art","org","pol","pro","edu","rel","net","com"]},"hu":{"r":["blogspot","konyvelo","ingatlan","erotika","erotica","tozsde","reklam","jogasz","utazas","casino","video","agrar","media","sport","forum","games","lakas","hotel","film","city","bolt","2000","news","info","priv","szex","suli","shop","sex","org","tm","co"]},"id":{"r":["blogspot.co","desa","web","biz","sch","mil","net","my","or","go","co","ac"]},"ie":{"r":["blogspot","gov"]},"il":{"r":["blogspot.co","muni","gov","org","net","idf","k12","co","ac"]},"im":{"r":["plc.co","ltd.co","com","net","org","ac","co","tt","tv"]},"in":{"r":["blogspot","firm","ind","org","gen","net","gov","mil","edu","res","nic","ac","co"]},"info":{"r":["barrell-of-knowledge","barrel-of-knowledge","here-for-more","ilovecollege","knowsitall","groks-this","groks-the","nsupdate","for-our","dyndns","selfip","dvrcam","webhop","no-ip"]},"int":{"r":["eu"]},"io":{"r":["pantheonsite","sandcats","github","ngrok","dedyn","nid","hzc","com"]},"iq":{"r":["gov","edu","mil","com","org","net"]},"ir":{"r":["ايران","ایران","gov","sch","org","net","id","co","ac"]},"is":{"r":["blogspot","cupcake","org","gov","edu","int","com","net"]},"it":{"r":["trani-andria-barletta","barletta-trani-andria","trani-barletta-andria","friuli-venezia-giulia","andria-trani-barletta","monza-e-della-brianza","andria-barletta-trani","friulivenezia-giulia","friuli-veneziagiulia","trentino-sued-tirol","barlettatraniandria","tranibarlettaandria","traniandriabarletta","andriabarlettatrani","friuliveneziagiulia","trentino-alto-adige","andriatranibarletta","monzaedellabrianza","trentinosued-tirol","trentinoalto-adige","trentino-sud-tirol","trentino-altoadige","trentino-suedtirol","trentino-sudtirol","carbonia-iglesias","trentinosuedtirol","iglesias-carbonia","trentinosud-tirol","trentinoaltoadige","trentino-a-adige","iglesiascarbonia","trentino-s-tirol","trentinosudtirol","carboniaiglesias","friuli-ve-giulia","trentinos-tirol","friuli-v-giulia","trentino-stirol","medio-campidano","campidano-medio","trentinoa-adige","reggio-calabria","trentino-aadige","friulive-giulia","friuli-vegiulia","mediocampidano","reggiocalabria","trentinoaadige","dell-ogliastra","campidanomedio","emilia-romagna","friuli-vgiulia","friuliv-giulia","trentinostirol","friulivegiulia","friulivgiulia","monza-brianza","urbino-pesaro","monzaebrianza","emiliaromagna","ascoli-piceno","massa-carrara","caltanissetta","vibo-valentia","pesaro-urbino","valle-d-aosta","carrara-massa","reggio-emilia","dellogliastra","monzabrianza","massacarrara","vibovalentia","tempio-olbia","forli-cesena","cesena-forli","pesarourbino","aosta-valley","reggioemilia","ascolipiceno","olbia-tempio","carraramassa","vallee-aoste","urbinopesaro","valle-daosta","valled-aosta","valle-aosta","valledaosta","alessandria","valleeaoste","val-d-aosta","forlicesena","aostavalley","tempioolbia","cesenaforli","olbiatempio","valleaosta","campobasso","alto-adige","val-daosta","vald-aosta","basilicata","valdaosta","ogliastra","catanzaro","pordenone","altoadige","la-spezia","frosinone","suedtirol","agrigento","benevento","lombardia","blogspot","lombardy","piacenza","trentino","piedmont","oristano","avellino","piemonte","sardegna","calabria","cagliari","sardinia","grosseto","florence","laspezia","brindisi","macerata","verbania","campania","siracusa","vercelli","liguria","bolzano","mantova","messina","brescia","venezia","livorno","bergamo","laquila","belluno","trieste","bologna","treviso","palermo","perugia","lucania","pescara","abruzzo","trapani","caserta","catania","pistoia","isernia","imperia","potenza","ravenna","vicenza","viterbo","salerno","gorizia","sassari","tuscany","sicilia","cosenza","sondrio","cremona","crotone","firenze","ferrara","toscana","taranto","rovigo","matera","umbria","arezzo","aquila","biella","savona","milano","verona","sicily","novara","venice","padova","foggia","napoli","varese","naples","modena","veneto","puglia","genova","rimini","latina","ancona","trento","chieti","teramo","marche","ragusa","molise","balsan","torino","prato","terni","monza","aosta","genoa","udine","lecce","lecco","lazio","pavia","nuoro","milan","rieti","siena","lucca","fermo","bozen","parma","padua","cuneo","aoste","turin","roma","rome","enna","asti","como","lodi","pisa","bari","mar","sic","sar","vda","pug","pmn","mol","ven","lom","taa","lig","laz","vao","fvg","emr","cam","cal","bas","abr","tos","umb","edu","gov","ot","pa","ar","or","at","og","nu","pc","pd","pe","aq","ap","no","na","pg","pi","ao","mt","ms","pn","po","an","al","pr","av","pt","pu","pv","pz","ra","ba","ag","rc","re","bg","mo","mn","mi","rg","ri","bi","bl","rm","rn","ro","me","mc","mb","sa","bn","bo","br","si","lu","lt","so","lo","sp","sr","ss","bs","sv","ta","li","te","le","lc","bt","bz","tn","to","ca","tp","tr","kr","cb","is","ce","im","ch","ci","gr","cl","ts","go","tv","ud","ge","cn","fr","va","co","vb","vc","ve","fm","cr","cs","fi","fg","vi","ct","fe","fc","en","vr","vs","vt","vv","cz"]},"je":{"r":["org","net","co"]},"jm":{"w":[""]},"jo":{"r":["name","sch","net","edu","org","gov","mil","com"]},"jobs":{},"jp":{"r":["higashihiroshima.hiroshima","fujikawaguchiko.yamanashi","higashimatsushima.miyagi","higashimatsuyama.saitama","ichikawamisato.yamanashi","aizuwakamatsu.fukushima","satsumasendai.kagoshima","minamiashigara.kanagawa","higashichichibu.saitama","osakikamijima.hiroshima","jinsekikogen.hiroshima","nishikatsura.yamanashi","kitanakagusuku.okinawa","nachikatsuura.wakayama","higashikagura.hokkaido","nishinoomote.kagoshima","kitashiobara.fukushima","kitahiroshima.hokkaido","higashisumiyoshi.osaka","komatsushima.tokushima","shinyoshitomi.fukuoka","musashimurayama.tokyo","hamatonbetsu.hokkaido","shinkamigoto.nagasaki","higashiyodogawa.osaka","kuromatsunai.hokkaido","minamifurano.hokkaido","shimonoseki.yamaguchi","minami-alps.yamanashi","shinshinotsu.hokkaido","fujiyoshida.yamanashi","nakasatsunai.hokkaido","kamisunagawa.hokkaido","higashimurayama.tokyo","nakatombetsu.hokkaido","hatsukaichi.hiroshima","higashishirakawa.gifu","higashiagatsuma.gunma","minamiyamashiro.kyoto","yokoshibahikari.chiba","kamishihoro.hokkaido","rishirifuji.hokkaido","nishiokoppe.hokkaido","nasushiobara.tochigi","minamioguni.kumamoto","aizumisato.fukushima","minamitane.kagoshima","minamiuonuma.niigata","chippubetsu.hokkaido","makurazaki.kagoshima","chihayaakasaka.osaka","higashiizumo.shimane","shichikashuku.miyagi","kamiamakusa.kumamoto","nishiawakura.okayama","minamisanriku.miyagi","matsushige.tokushima","higashikagawa.kagawa","inawashiro.fukushima","nishinoshima.shimane","yamanakako.yamanashi","hitachiomiya.ibaraki","kagamiishi.fukushima","noboribetsu.hokkaido","tsurugashima.saitama","higashikawa.hokkaido","kisofukushima.nagano","kasumigaura.ibaraki","minamiechizen.fukui","yamatsuri.fukushima","fujinomiya.shizuoka","oamishirasato.chiba","hitachinaka.ibaraki","sagamihara.kanagawa","kudamatsu.yamaguchi","sanagochi.tokushima","fukushima.fukushima","shishikui.tokushima","tokushima.tokushima","aizubange.fukushima","yatsushiro.kumamoto","higashiizu.shizuoka","izumizaki.fukushima","shinanomachi.nagano","higashinaruse.akita","mamurogawa.yamagata","higashikurume.tokyo","kawachinagano.osaka","kaminoyama.yamagata","higashiyamato.tokyo","kawaminami.miyazaki","yamatokoriyama.nara","kamifurano.hokkaido","matsumoto.kagoshima","asaminami.hiroshima","higashiyoshino.nara","nishiaizu.fukushima","seranishi.hiroshima","minamiminowa.nagano","shirakawa.fukushima","minamidaito.okinawa","nakamichi.yamanashi","kagoshima.kagoshima","tamatsukuri.ibaraki","sakaiminato.tottori","rikuzentakata.iwate","kashiwazaki.niigata","makinohara.shizuoka","yamanashi.yamanashi","kuchinotsu.nagasaki","miyakonojo.miyazaki","rikubetsu.hokkaido","samegawa.fukushima","hitoyoshi.kumamoto","horokanai.hokkaido","shirahama.wakayama","okinoshima.shimane","kushimoto.wakayama","otoineppu.hokkaido","fukushima.hokkaido","tomigusuku.okinawa","sukagawa.fukushima","nozawaonsen.nagano","iwamizawa.hokkaido","shimotsuma.ibaraki","higashine.yamagata","nishihara.kumamoto","sakuragawa.ibaraki","kawanishi.yamagata","koriyama.fukushima","sarufutsu.hokkaido","higashitsuno.kochi","nishikawa.yamagata","obanazawa.yamagata","hitachiota.ibaraki","kitakata.fukushima","nakagusuku.okinawa","tamakawa.fukushima","kawamata.fukushima","kaneyama.fukushima","nakagawa.tokushima","tanagura.fukushima","shirataka.yamagata","fukuyama.hiroshima","nishimera.miyazaki","higashiosaka.osaka","tokorozawa.saitama","ishikawa.fukushima","morotsuka.miyazaki","nakaniikawa.toyama","furudono.fukushima","chikushino.fukuoka","kimobetsu.hokkaido","hamamatsu.shizuoka","onomichi.hiroshima","tokuyama.yamaguchi","aridagawa.wakayama","hashimoto.wakayama","shimokitayama.nara","izunokuni.shizuoka","utsunomiya.tochigi","kobayashi.miyazaki","ashibetsu.hokkaido","takanezawa.tochigi","koshimizu.hokkaido","hiratsuka.kanagawa","shimotsuke.tochigi","utashinai.hokkaido","chigasaki.kanagawa","tarumizu.kagoshima","tsukigata.hokkaido","kawanehon.shizuoka","fujikawa.yamanashi","tomakomai.hokkaido","hayakawa.yamanashi","nakatane.kagoshima","shimamaki.hokkaido","karasuyama.tochigi","asahikawa.hokkaido","kaminokawa.tochigi","kamitonda.wakayama","katsuragi.wakayama","kawanabe.kagoshima","shimokawa.hokkaido","shinichi.hiroshima","matsubushi.saitama","teshikaga.hokkaido","narusawa.yamanashi","nirasaki.yamanashi","takehara.hiroshima","shiranuka.hokkaido","tabayama.yamanashi","matsuzaki.shizuoka","minamiizu.shizuoka","uenohara.yamanashi","morimachi.shizuoka","tondabayashi.osaka","shiriuchi.hokkaido","shimabara.nagasaki","shichinohe.aomori","nakagawa.hokkaido","omaezaki.shizuoka","matsuura.nagasaki","nagasaki.nagasaki","shizukuishi.iwate","nishiizu.shizuoka","moseushi.hokkaido","shizuoka.shizuoka","nakadomari.aomori","miyashiro.saitama","mombetsu.hokkaido","matsumae.hokkaido","shijonawate.osaka","osakasayama.osaka","kuriyama.hokkaido","niikappu.hokkaido","kunneppu.hokkaido","kikugawa.shizuoka","tsushima.nagasaki","kouyama.kagoshima","kamikitayama.nara","nishikata.tochigi","kakamigahara.gifu","fujisawa.kanagawa","kakegawa.shizuoka","kamakura.kanagawa","hachirogata.akita","kiyosato.hokkaido","uchinada.ishikawa","kiyokawa.kanagawa","ninomiya.kanagawa","samukawa.kanagawa","miyoshi.tokushima","yamakita.kanagawa","kamiizumi.saitama","yanaizu.fukushima","yokosuka.kanagawa","yugawara.kanagawa","yamanouchi.nagano","fujikawa.shizuoka","kembuchi.hokkaido","kamoenai.hokkaido","kamikawa.hokkaido","yamatotakada.nara","nonoichi.ishikawa","taishin.fukushima","nakanoto.ishikawa","ishikari.hokkaido","kawakita.ishikawa","kanazawa.ishikawa","izumozaki.niigata","kudoyama.wakayama","minamimaki.nagano","horonobe.hokkaido","minamiaiki.nagano","shimogo.fukushima","tokashiki.okinawa","rankoshi.hokkaido","tsuchiura.ibaraki","tosashimizu.kochi","omotego.fukushima","honbetsu.hokkaido","tatebayashi.gunma","hakodate.hokkaido","nishigo.fukushima","furubira.hokkaido","wakayama.wakayama","kumamoto.kumamoto","minamata.kumamoto","shirosato.ibaraki","funagata.yamagata","shimodate.ibaraki","kaneyama.yamagata","takamori.kumamoto","ryugasaki.ibaraki","mishima.fukushima","murayama.yamagata","omihachiman.shiga","fukagawa.hokkaido","shikokuchuo.ehime","tokamachi.niigata","nakayama.yamagata","etajima.hiroshima","fukuchiyama.kyoto","higashiyama.kyoto","takazaki.miyazaki","yoshikawa.saitama","takanabe.miyazaki","fujishiro.ibaraki","sakegawa.yamagata","takaharu.miyazaki","shintomi.miyazaki","takahata.yamagata","tsuruoka.yamagata","yamagata.yamagata","yamanobe.yamagata","hayashima.okayama","shakotan.hokkaido","yonezawa.yamagata","nichinan.miyazaki","higashi.fukushima","kurashiki.okayama","namerikawa.toyama","miyazaki.miyazaki","nishinomiya.hyogo","iwakuni.yamaguchi","biratori.hokkaido","minamiawaji.hyogo","takahashi.okayama","gushikami.okinawa","shibecha.hokkaido","asakawa.fukushima","kunitomi.miyazaki","miyoshi.hiroshima","kitadaito.okinawa","nishihara.okinawa","yukuhashi.fukuoka","wakkanai.hokkaido","kitakata.miyazaki","fuefuki.yamanashi","kawaguchi.saitama","hirogawa.wakayama","tsubetsu.hokkaido","shibetsu.hokkaido","toyotomi.hokkaido","koshigaya.saitama","kitagawa.miyazaki","kadogawa.miyazaki","kinokawa.wakayama","tachiarai.fukuoka","kitayama.wakayama","shobara.hiroshima","matsushima.miyagi","takinoue.hokkaido","takikawa.hokkaido","abashiri.hokkaido","sunagawa.hokkaido","shintoku.hokkaido","ishinomaki.miyagi","kozagawa.wakayama","kawatana.nagasaki","sobetsu.hokkaido","shiraoi.hokkaido","moroyama.saitama","sasaguri.fukuoka","nagatoro.saitama","namegawa.saitama","nakagawa.fukuoka","munakata.fukuoka","kumagaya.saitama","mizumaki.fukuoka","miyawaka.fukuoka","shimizu.hokkaido","tobetsu.hokkaido","shikaoi.hokkaido","shikabe.hokkaido","kumejima.okinawa","kitamoto.saitama","kawajima.saitama","toyoura.hokkaido","urakawa.hokkaido","yanagawa.fukuoka","wassamu.hokkaido","inatsuki.fukuoka","hisayama.fukuoka","hirokawa.fukuoka","ishikawa.okinawa","bandai.fukushima","ishigaki.okinawa","chikuzen.fukuoka","setouchi.okayama","futaba.fukushima","hanawa.fukushima","takarazuka.hyogo","hirata.fukushima","hirono.fukushima","iitate.fukushima","kibichuo.okayama","shiraoka.saitama","kagamino.okayama","tokigawa.saitama","asakuchi.okayama","bungotakada.oita","chikusei.ibaraki","yawatahama.ehime","higashiomi.shiga","inashiki.ibaraki","sekikawa.niigata","kunimi.fukushima","miharu.fukushima","namegata.ibaraki","murakami.niigata","aibetsu.hokkaido","takahagi.ibaraki","kakinoki.shimane","yotsukaido.chiba","yokaichiba.chiba","uchihara.ibaraki","kunigami.okinawa","yamagata.ibaraki","anamizu.ishikawa","hakusan.ishikawa","okuizumo.shimane","otofuke.hokkaido","komatsu.ishikawa","itoigawa.niigata","fujieda.shizuoka","tsubata.ishikawa","obihiro.hokkaido","yabuki.fukushima","yamato.fukushima","nagareyama.chiba","fukuroi.shizuoka","yugawa.fukushima","kasukabe.saitama","kamisato.saitama","kamikawa.saitama","tsurugi.ishikawa","iwatsuki.saitama","gotemba.shizuoka","minamiboso.chiba","haibara.shizuoka","hatoyama.saitama","ichinoseki.iwate","hatogaya.saitama","kanegasaki.iwate","kannami.shizuoka","ichinomiya.chiba","fujimino.saitama","togitsu.nagasaki","nanporo.hokkaido","chichibu.saitama","hanamigawa.chiba","yoshinogari.saga","mishima.shizuoka","shimada.shizuoka","muroran.hokkaido","nakatsugawa.gifu","shimizu.shizuoka","shimoda.shizuoka","takamatsu.kagawa","isahaya.nagasaki","itayanagi.aomori","mashike.hokkaido","kanoya.kagoshima","hashikami.aomori","kutchan.hokkaido","kushiro.hokkaido","hachinohe.aomori","yoshida.shizuoka","ashikaga.tochigi","ohtawara.tochigi","isehara.kanagawa","aizumi.tokushima","matsuda.kanagawa","ichiba.tokushima","kainan.tokushima","odawara.kanagawa","chijiwa.nagasaki","minami.tokushima","kikonai.hokkaido","togakushi.nagano","naruto.tokushima","owariasahi.aichi","wajiki.tokushima","tateshina.nagano","yonaguni.okinawa","shimosuwa.nagano","naganohara.gunma","niyodogawa.kochi","yonabaru.okinawa","katsushika.tokyo","kouzushima.tokyo","imakane.hokkaido","mochizuki.nagano","ichinomiya.aichi","higashiura.aichi","matsumoto.nagano","matsukawa.nagano","hokuryu.hokkaido","kawahara.tottori","amakusa.kumamoto","karuizawa.nagano","taketomi.okinawa","nichinan.tottori","gyokuto.kumamoto","kashima.kumamoto","kikuchi.kumamoto","mashiki.kumamoto","chikuhoku.nagano","fukumitsu.toyama","oishida.yamagata","nobeoka.miyazaki","funahashi.toyama","hikari.yamaguchi","embetsu.hokkaido","nagaokakyo.kyoto","chitose.hokkaido","kushima.miyazaki","kumano.hiroshima","nagato.yamaguchi","mihara.hiroshima","oshima.yamaguchi","shunan.yamaguchi","tabuse.yamaguchi","toyota.yamaguchi","kitaura.miyazaki","hokuto.yamanashi","akkeshi.hokkaido","shiroishi.miyagi","kosuge.yamanashi","minobu.yamanashi","oshino.yamanashi","otsuki.yamanashi","akabira.hokkaido","rishiri.hokkaido","furukawa.miyagi","tsuru.yamanashi","showa.yamanashi","otake.hiroshima","ashoro.hokkaido","assabu.hokkaido","atsuma.hokkaido","kawasaki.miyagi","marumori.miyagi","bifuka.hokkaido","bihoro.hokkaido","nanbu.yamanashi","okinawa.okinawa","kaita.hiroshima","nakijin.okinawa","ebetsu.hokkaido","hongo.hiroshima","koshu.yamanashi","kimino.wakayama","fuchu.hiroshima","esashi.hokkaido","daiwa.hiroshima","shiogama.miyagi","furano.hokkaido","shimoji.okinawa","haboro.hokkaido","yamamoto.miyagi","tsukiyono.gunma","hidaka.hokkaido","gokase.miyazaki","kainan.wakayama","mihama.wakayama","hidaka.wakayama","hokuto.hokkaido","yamashina.kyoto","shimonita.gunma","shibukawa.gunma","doshi.yamanashi","ujitawara.kyoto","mimata.miyazaki","yomitan.okinawa","iwanai.hokkaido","oyamazaki.kyoto","mitou.yamaguchi","tateyama.toyama","kamiichi.toyama","fujiidera.osaka","kayabe.hokkaido","tozawa.yamagata","katashina.gunma","kyotanabe.kyoto","izumiotsu.osaka","kitami.hokkaido","izumisano.osaka","kashiwara.osaka","kishiwada.osaka","shiiba.miyazaki","matsubara.osaka","moriguchi.osaka","shonai.yamagata","shinjo.yamagata","shimamoto.osaka","sakata.yamagata","mikasa.hokkaido","sekigahara.gifu","ohkura.yamagata","takatsuki.osaka","mukawa.hokkaido","agematsu.nagano","yamato.kumamoto","nishiarita.saga","yamaga.kumamoto","arakawa.saitama","mikawa.yamagata","sumoto.kumamoto","nayoro.hokkaido","nemuro.hokkaido","kahoku.yamagata","nagasu.kumamoto","mifune.kumamoto","tanabe.wakayama","numata.hokkaido","tenei.fukushima","shingu.wakayama","misato.wakayama","okoppe.hokkaido","tottori.tottori","kawakami.nagano","kotoura.tottori","showa.fukushima","otama.fukushima","tachikawa.tokyo","kitaaiki.nagano","kawagoe.saitama","komagane.nagano","okuma.fukushima","nango.fukushima","namie.fukushima","saroma.hokkaido","koori.fukushima","iwaki.fukushima","shinagawa.tokyo","ogasawara.tokyo","musashino.tokyo","kunitachi.tokyo","toyotsu.fukuoka","kounosu.saitama","nakagawa.nagano","kokubunji.tokyo","nishitosa.kochi","shiojiri.nagano","saigawa.fukuoka","takamori.nagano","takayama.nagano","miyoshi.saitama","okagaki.fukuoka","aogashima.tokyo","takasu.hokkaido","yamagata.nagano","okegawa.saitama","shinshiro.aichi","yamato.kanagawa","tobishima.aichi","tsukui.kanagawa","tomari.hokkaido","toyohashi.aichi","toyako.hokkaido","itano.tokushima","tochigi.tochigi","kaisei.kanagawa","kamikoani.akita","hakone.kanagawa","urausu.hokkaido","hadano.kanagawa","atsugi.kanagawa","aikawa.kanagawa","ryokami.saitama","yakumo.hokkaido","yoichi.hokkaido","yusui.kagoshima","kitaakita.akita","hasami.nagasaki","amagasaki.hyogo","higashi.fukuoka","moriyoshi.akita","mashiko.tochigi","higashi.okinawa","kuroiso.tochigi","haebaru.okinawa","fukuchi.fukuoka","iwafune.tochigi","ichikai.tochigi","ginowan.okinawa","kinko.kagoshima","yurihonjo.akita","hirosaki.aomori","izumi.kagoshima","tsuyama.okayama","hirado.nagasaki","kawanishi.hyogo","dazaifu.fukuoka","saitama.saitama","chikujo.fukuoka","nishiwaki.hyogo","hioki.kagoshima","chikuho.fukuoka","satosho.okayama","amami.kagoshima","okayama.okayama","chikugo.fukuoka","shinonsen.hyogo","akune.kagoshima","zentsuji.kagawa","kuroishi.aomori","kumenan.okayama","uchinomi.kagawa","susono.shizuoka","naoshima.kagawa","kasaoka.okayama","rokunohe.aomori","marugame.kagawa","kotohira.kagawa","kumakogen.ehime","saikai.nagasaki","funabashi.chiba","sasebo.nagasaki","kawazu.shizuoka","hiraizumi.iwate","katsuyama.fukui","tawaramoto.nara","wajima.ishikawa","hitachi.ibaraki","yoshida.saitama","yoshimi.saitama","mutsuzawa.chiba","ibaraki.ibaraki","tsubame.niigata","narashino.chiba","nishiazai.shiga","yatsuka.shimane","shimofusa.chiba","tsuwano.shimane","shimane.shimane","kashima.ibaraki","kahoku.ishikawa","sodegaura.chiba","shibata.niigata","takashima.shiga","yachiyo.ibaraki","tsukuba.ibaraki","takatsuki.shiga","niigata.niigata","nagaoka.niigata","omitama.ibaraki","yachimata.chiba","matsuyama.ehime","mitsuke.niigata","numazu.shizuoka","toyosato.shiga","hamada.shimane","torahime.shiga","kamijima.ehime","hikawa.shimane","masuda.shimane","matsue.shimane","tomobe.ibaraki","kariwa.niigata","toride.ibaraki","namikata.ehime","seirou.niigata","misato.shimane","ushiku.ibaraki","moriya.ibaraki","tomisato.chiba","yawara.ibaraki","joetsu.niigata","tohnosho.chiba","hakui.ishikawa","tateyama.chiba","tagami.niigata","notogawa.shiga","kasama.ibaraki","tamayu.shimane","kamisu.ibaraki","tainai.niigata","nanao.ishikawa","yakumo.shimane","yasugi.shimane","tochio.niigata","shika.ishikawa","atami.shizuoka","nagahama.shiga","moriyama.shiga","iwata.shizuoka","yokoze.saitama","tsunan.niigata","fujisawa.iwate","hanamaki.iwate","uonuma.niigata","kujukuri.chiba","ichinohe.iwate","kisarazu.chiba","iwaizumi.iwate","shimoichi.nara","kawanishi.nara","kamaishi.iwate","katsuura.chiba","katsuragi.nara","kashihara.nara","kitakami.iwate","kamogawa.chiba","kamagaya.chiba","kuzumaki.iwate","unzen.nagasaki","mizusawa.iwate","yahiko.niigata","ichikawa.chiba","ichihara.chiba","kosai.shizuoka","seihi.nagasaki","yuzawa.niigata","yashio.saitama","himeshima.oita","tsuruta.aomori","oseto.nagasaki","tanohata.iwate","omura.nagasaki","obama.nagasaki","tsugaru.aomori","ayagawa.kagawa","akaiwa.okayama","kanonji.kagawa","warabi.saitama","sannohe.aomori","sugito.saitama","takahama.fukui","sayama.saitama","takasago.hyogo","tadotsu.kagawa","yaizu.shizuoka","tonosho.kagawa","ashiya.fukuoka","sakado.saitama","maniwa.okayama","misaki.okayama","sasayama.hyogo","shinjo.okayama","tamano.okayama","isen.kagoshima","kamikawa.hyogo","kamigori.hyogo","hiranai.aomori","kakogawa.hyogo","yakage.okayama","ichikawa.hyogo","ginoza.okinawa","kanuma.tochigi","fukusaki.hyogo","hirara.okinawa","hakata.fukuoka","motegi.tochigi","itoman.okinawa","kadena.okinawa","iizuka.fukuoka","kasuga.fukuoka","kasuya.fukuoka","ayase.kanagawa","sakura.tochigi","ebina.kanagawa","katagami.akita","kawara.fukuoka","keisen.fukuoka","ranzan.saitama","shioya.tochigi","kurate.fukuoka","kurogi.fukuoka","fujisato.akita","anan.tokushima","kurume.fukuoka","miura.kanagawa","nakai.kanagawa","tsushima.aichi","toyokawa.aichi","futsu.nagasaki","minami.fukuoka","tokoname.aichi","mima.tokushima","miyako.fukuoka","tohma.hokkaido","miyama.fukuoka","takahama.aichi","mugi.tokushima","yasuoka.nagano","zushi.kanagawa","nakama.fukuoka","nogata.fukuoka","shikatsu.aichi","akishima.tokyo","tatsuno.nagano","taiki.hokkaido","misato.saitama","kitagawa.kochi","minano.saitama","shingu.fukuoka","motoyama.kochi","hachioji.tokyo","hinohara.tokyo","nakamura.kochi","ooshika.nagano","shonai.fukuoka","itabashi.tokyo","tagawa.fukuoka","takata.fukuoka","tsuiki.fukuoka","yamada.fukuoka","date.fukushima","setagaya.tokyo","shari.hokkaido","shinjuku.tokyo","suginami.tokyo","gamagori.aichi","rebun.hokkaido","pippu.hokkaido","ozora.hokkaido","yusuhara.kochi","soma.fukushima","otobe.hokkaido","misasa.tottori","choyo.kumamoto","otaru.hokkaido","oketo.hokkaido","obira.hokkaido","taiji.wakayama","hidaka.saitama","ikusaka.nagano","yuasa.wakayama","wakasa.tottori","hasuda.saitama","asahi.yamagata","yonago.tottori","fukaya.saitama","kasamatsu.gifu","oguni.kumamoto","chikuma.nagano","fujimi.saitama","nanae.hokkaido","nagai.yamagata","azumino.nagano","shiroishi.saga","motobu.okinawa","nanyo.yamagata","toyonaka.osaka","oguni.yamagata","takaishi.osaka","tsuno.miyazaki","sagae.yamagata","shirakawa.gifu","kyowa.hokkaido","neyagawa.osaka","kumatori.osaka","saito.miyazaki","kumiyama.kyoto","kyotamba.kyoto","hirakata.osaka","kyotango.kyoto","tendo.yamagata","habikino.osaka","maebashi.gunma","hagi.yamaguchi","hofu.yamaguchi","takaoka.toyama","zamami.okinawa","minakami.gunma","nakanojo.gunma","urasoe.okinawa","unazuki.toyama","arida.wakayama","chuo.yamanashi","tonaki.okinawa","ikeda.hokkaido","tarama.okinawa","takasaki.gunma","inami.wakayama","iwade.wakayama","hiroo.hokkaido","takayama.gunma","hyuga.miyazaki","tamamura.gunma","ebino.miyazaki","tsumagoi.gunma","kofu.yamanashi","yoshioka.gunma","shikama.miyagi","erimo.hokkaido","shibata.miyagi","onagawa.miyagi","ogawara.miyagi","eniwa.hokkaido","kure.hiroshima","naka.hiroshima","bibai.hokkaido","iwanuma.miyagi","saka.hiroshima","sera.hiroshima","abira.hokkaido","hikimi.shimane","ogori.fukuoka","koza.wakayama","koya.wakayama","omuta.fukuoka","onojo.fukuoka","yokkaichi.mie","kai.yamanashi","yuu.yamaguchi","gobo.wakayama","ube.yamaguchi","kakuda.miyagi","semboku.akita","yamada.toyama","niiza.saitama","toyama.toyama","tonami.toyama","misato.miyagi","murata.miyagi","natori.miyagi","minamiise.mie","soeda.fukuoka","ogano.saitama","ukiha.fukuoka","ogawa.saitama","semine.miyagi","ono.fukushima","matsusaka.mie","ogose.saitama","nyuzen.toyama","tsuga.tochigi","tagajo.miyagi","ujiie.tochigi","aomori.aomori","tomiya.miyagi","wakuya.miyagi","watari.miyagi","kurobe.toyama","abu.yamaguchi","iruma.saitama","nishi.fukuoka","johana.toyama","gonohe.aomori","honjo.saitama","yaita.tochigi","kijo.miyazaki","hanyu.saitama","hanno.saitama","kasahara.gifu","misawa.aomori","omiya.saitama","kitagata.gifu","noheji.aomori","asaka.saitama","nakagyo.kyoto","yuza.yamagata","otaki.saitama","minokamo.gifu","maizuru.kyoto","oirase.aomori","toyoake.aichi","mizunami.gifu","kameoka.kyoto","iide.yamagata","buzen.fukuoka","yura.wakayama","kitahata.saga","shingo.aomori","kitagata.saga","towada.aomori","kamimine.saga","shitara.aichi","okazaki.aichi","hamatama.saga","satte.saitama","fujimi.nagano","hakuba.nagano","fukudomi.saga","hiraya.nagano","shiki.saitama","iijima.nagano","iiyama.nagano","iizuna.nagano","tsuruga.fukui","kosa.kumamoto","sakahogi.gifu","akiruno.tokyo","arao.kumamoto","tadaoka.osaka","takayama.gifu","kamioka.akita","kashiwa.chiba","komoro.nagano","nanbu.tottori","nisshin.aichi","urawa.saitama","arakawa.tokyo","wanouchi.gifu","yamagata.gifu","minowa.nagano","miyada.nagano","miyota.nagano","kimitsu.chiba","nagano.nagano","nagawa.nagano","nagiso.nagano","yorii.saitama","nakano.nagano","chiyoda.tokyo","eiheiji.fukui","kaizuka.osaka","chiyoda.gunma","omachi.nagano","fujioka.gunma","ookuwa.nagano","nankoku.kochi","echizen.fukui","ibaraki.osaka","isesaki.gunma","sakaki.nagano","itakura.gunma","sakuho.nagano","uwajima.ehime","oyama.tochigi","kusatsu.shiga","kusatsu.gunma","suzaka.nagano","takagi.nagano","maibara.shiga","matsudo.chiba","nanmoku.gunma","yaese.okinawa","uruma.okinawa","togura.nagano","edogawa.tokyo","ohira.tochigi","tomioka.gunma","kui.hiroshima","chizu.tottori","yasaka.nagano","zama.kanagawa","oiso.kanagawa","ogimi.okinawa","goto.nagasaki","soo.kagoshima","isa.kagoshima","biei.hokkaido","nanjo.okinawa","sanuki.kagawa","mitoyo.kagawa","date.hokkaido","esan.hokkaido","naie.hokkaido","toshima.tokyo","niki.hokkaido","oumu.hokkaido","otsuchi.iwate","toya.hokkaido","ofunato.iwate","uryu.hokkaido","hachijo.tokyo","morioka.iwate","niihama.ehime","omigawa.chiba","hekinan.aichi","fuji.shizuoka","izena.okinawa","miyoshi.aichi","shibuya.tokyo","inazawa.aichi","matsuno.ehime","iheya.okinawa","goshiki.hyogo","karumai.iwate","inagawa.hyogo","kawakami.nara","aguni.okinawa","okutama.tokyo","kurotaki.nara","arai.shizuoka","nikko.tochigi","inuyama.aichi","nosegawa.nara","akagi.shimane","gotsu.shimane","isshiki.aichi","niimi.okayama","iwakura.aichi","unnan.shimane","noshiro.akita","shirako.chiba","tatsuno.hyogo","takatori.nara","ibara.okayama","toyooka.hyogo","bizen.okayama","yashiro.hyogo","suzu.ishikawa","noto.ishikawa","imabari.ehime","izumo.shimane","kodaira.tokyo","agano.niigata","gosen.niigata","nomi.ishikawa","kaga.ishikawa","koganei.tokyo","kasugai.aichi","okawa.fukuoka","tokai.ibaraki","suifu.ibaraki","kunisaki.oita","muika.niigata","sakai.ibaraki","myoko.niigata","ogawa.ibaraki","oarai.ibaraki","ojiya.niigata","yachiyo.chiba","kamitsue.oita","sanjo.niigata","seiro.niigata","urayasu.chiba","machida.tokyo","bungoono.oita","yoita.niigata","asahi.ibaraki","iwama.ibaraki","itako.ibaraki","bando.ibaraki","daigo.ibaraki","kanzaki.saga","joso.ibaraki","koga.ibaraki","ohda.shimane","meguro.tokyo","miho.ibaraki","yokawa.hyogo","togane.chiba","mito.ibaraki","naka.ibaraki","kariya.aichi","sado.niigata","kokonoe.oita","mitane.akita","sowa.ibaraki","kamo.niigata","yuki.ibaraki","shisui.chiba","yoshino.nara","tsukumi.oita","kiyose.tokyo","kiyosu.aichi","yamazoe.nara","minato.tokyo","komaki.aichi","mitaka.tokyo","tenkawa.nara","shiroi.chiba","mizuho.tokyo","misato.akita","takino.hyogo","hinode.tokyo","taishi.hyogo","sumoto.hyogo","hirono.iwate","nagi.okayama","sakurai.nara","shingu.hyogo","kihoku.ehime","sannan.hyogo","nakano.tokyo","mihama.aichi","shoo.okayama","soja.okayama","hamura.tokyo","kasuga.hyogo","nerima.tokyo","wake.okayama","sakura.chiba","joboji.iwate","oshima.tokyo","himeji.hyogo","harima.hyogo","onjuku.chiba","masaki.ehime","ashiya.hyogo","kashiba.nara","kanmaki.nara","aogaki.hyogo","ikaruga.nara","kunohe.iwate","akashi.hyogo","miyako.iwate","ninohe.iwate","sumida.tokyo","moka.tochigi","narita.chiba","sumita.iwate","yahaba.iwate","nago.okinawa","naha.okinawa","yamada.iwate","manno.kagawa","utazu.kagawa","iki.nagasaki","nagara.chiba","geisei.kochi","onna.okinawa","nogi.tochigi","mobara.chiba","mihama.chiba","shinto.gunma","kosaka.akita","midori.chiba","oizumi.gunma","hidaka.kochi","hino.tottori","numata.gunma","kagami.kochi","midori.gunma","uchiko.ehime","ito.shizuoka","kyonan.chiba","mihara.kochi","muroto.kochi","kazuno.akita","kawaba.gunma","hannan.osaka","hikone.shiga","nahari.kochi","izu.shizuoka","sakae.nagano","otari.nagano","sano.tochigi","otaki.nagano","koge.tottori","okaya.nagano","kadoma.osaka","ogawa.nagano","obuse.nagano","annaka.gunma","katano.osaka","chiryu.aichi","kozaki.chiba","bunkyo.tokyo","sakawa.kochi","sukumo.kochi","minato.osaka","yono.saitama","misaki.osaka","mihama.fukui","susaki.kochi","miasa.nagano","nishio.aichi","katori.chiba","futtsu.chiba","sayama.osaka","sennan.osaka","settsu.osaka","yasuda.kochi","toda.saitama","soka.saitama","mibu.tochigi","taishi.osaka","tajiri.osaka","aso.kumamoto","choshi.chiba","adachi.tokyo","ikeda.nagano","toyono.osaka","oguchi.aichi","chosei.chiba","wakasa.fukui","chonan.chiba","chino.nagano","ozu.kumamoto","uki.kumamoto","uto.kumamoto","asahi.nagano","nasu.tochigi","karatsu.saga","kashima.saga","takko.aomori","owani.aomori","yazu.tottori","kouhoku.saga","kyuragi.saga","asahi.toyama","tahara.aichi","chuo.fukuoka","kaho.fukuoka","fuchu.toyama","koga.fukuoka","toyone.aichi","toyota.aichi","yatomi.aichi","minami.kyoto","miyazu.kyoto","nantan.kyoto","mutsu.aomori","tanabe.kyoto","wazuka.kyoto","daisen.akita","yawata.kyoto","imizu.toyama","gojome.akita","ibigawa.gifu","inami.toyama","hichiso.gifu","hashima.gifu","happou.akita","kameyama.mie","kisosaki.mie","aya.miyazaki","taiwa.miyagi","nanto.toyama","oyabe.toyama","honjyo.akita","anpachi.gifu","taira.toyama","yame.fukuoka","usui.fukuoka","kazo.saitama","bato.tochigi","osaki.miyagi","toho.fukuoka","kuki.saitama","haga.tochigi","ohira.miyagi","yokote.akita","nikaho.akita","onga.fukuoka","ureshino.mie","otsuki.kochi","tone.ibaraki","oki.fukuoka","oto.fukuoka","sue.fukuoka","umi.fukuoka","honjo.akita","ina.saitama","kawaue.gifu","akita.akita","mitake.gifu","tokai.aichi","omachi.saga","kiyama.saga","genkai.saga","oharu.aichi","ariake.saga","motosu.gifu","suita.osaka","sakai.fukui","tajimi.gifu","sabae.fukui","ikawa.akita","sakai.osaka","nishi.osaka","obama.fukui","tomika.gifu","ikeda.fukui","minoh.osaka","yaotsu.gifu","fukui.fukui","kanan.osaka","izumi.osaka","aisho.shiga","ikeda.osaka","kanna.gunma","kanra.gunma","kiryu.gunma","konan.shiga","kosei.shiga","daito.osaka","chofu.tokyo","abeno.osaka","meiwa.gunma","fuchu.tokyo","showa.gunma","seiyo.ehime","saijo.ehime","fussa.tokyo","ritto.shiga","ryuoh.shiga","kyowa.akita","kin.okinawa","asago.hyogo","awaji.hyogo","itami.hyogo","kasai.hyogo","ama.shimane","sanda.hyogo","konan.aichi","tamba.hyogo","inagi.tokyo","ikata.ehime","taketa.oita","honai.ehime","ainan.ehime","komae.tokyo","kanie.aichi","hasama.oita","ami.ibaraki","ina.ibaraki","omi.niigata","aga.niigata","fudai.iwate","shinjo.nara","iwate.iwate","miyake.nara","sakae.chiba","otaki.chiba","mitsue.nara","kawai.iwate","heguri.nara","handa.aichi","taito.tokyo","shiwa.iwate","oi.kanagawa","wada.nagano","ueda.nagano","tomi.nagano","chita.aichi","kochi.kochi","suwa.nagano","saku.nagano","okawa.kochi","otoyo.kochi","asuke.aichi","tsuno.kochi","isumi.chiba","inzai.chiba","umaji.kochi","kiso.nagano","aisai.aichi","iida.nagano","hara.nagano","asahi.chiba","abiko.chiba","aoki.nagano","anan.nagano","ayabe.kyoto","achi.nagano","oe.yamagata","sakyo.kyoto","seika.kyoto","himi.toyama","kawagoe.mie","tome.miyagi","rifu.miyagi","toga.toyama","uozu.toyama","kami.miyagi","ogata.akita","watarai.mie","odate.akita","shiso.hyogo","muko.kyoto","chuo.chiba","noda.chiba","sosa.chiba","tako.chiba","tamaki.mie","yasu.shiga","suzuka.mie","otsu.shiga","tobe.ehime","toon.ehime","koto.shiga","koka.shiga","gamo.shiga","nabari.mie","miyama.mie","misugi.mie","mihama.mie","ginan.gifu","kuwana.mie","kumano.mie","komono.mie","ikeda.gifu","zao.miyagi","kizu.kyoto","kita.kyoto","kamo.kyoto","joyo.kyoto","ina.nagano","ouchi.saga","togo.aichi","toei.aichi","anjo.aichi","imari.saga","seto.aichi","hizen.saga","arita.saga","toyo.kochi","tosa.kochi","ogaki.gifu","ochi.kochi","tarui.gifu","nose.osaka","omi.nagano","kita.osaka","kami.kochi","chuo.osaka","chuo.tokyo","tono.iwate","tama.tokyo","ueno.gunma","aioi.hyogo","oshu.iwate","miki.hyogo","fuso.aichi","kota.aichi","sayo.hyogo","hino.tokyo","taka.hyogo","yabu.hyogo","noda.iwate","usuki.oita","kira.aichi","kita.tokyo","hazu.aichi","saiki.oita","ikoma.nara","kuji.iwate","kawai.nara","koto.tokyo","koryo.nara","yoka.hyogo","oyodo.nara","beppu.oita","sango.nara","tenri.nara","oga.akita","ohi.fukui","hiji.oita","ouda.nara","iyo.ehime","nara.nara","hita.oita","ome.tokyo","kuju.oita","ota.tokyo","kusu.oita","oita.oita","gose.nara","udono.mie","ando.nara","yufu.oita","ono.hyogo","ako.hyogo","ota.gunma","ora.gunma","aki.kochi","ino.kochi","yoro.gifu","toki.gifu","seki.gifu","obu.aichi","yao.osaka","fukushima","ama.aichi","saga.saga","ide.kyoto","ine.kyoto","taku.saga","tara.saga","tosu.saga","mino.gifu","soni.nara","uji.kyoto","asahi.mie","inabe.mie","hiroshima","kani.gifu","kagoshima","yamanashi","yamaguchi","hida.gifu","gujo.gifu","godo.gifu","meiwa.mie","taiki.mie","ozu.ehime","gifu.gifu","shima.mie","ono.fukui","tokushima","uda.nara","ena.gifu","shizuoka","wakayama","tado.mie","yamagata","nagasaki","miyazaki","kumamoto","kanagawa","kiwa.mie","ishikawa","taki.mie","hokkaido","kiho.mie","ogi.saga","usa.oita","oji.nara","toba.mie","blogspot","tsu.mie","ise.mie","shimane","saitama","okinawa","okayama","niigata","tottori","ibaraki","fukuoka","tochigi","kagawa","aomori","toyama","nagano","miyagi","ehime","kochi","kyoto","tokyo","iwate","fukui","hyogo","chiba","shiga","gunma","akita","osaka","aichi","nara","oita","saga","gifu","mie","神奈川","鹿児島","北海道","和歌山","兵庫","長崎","新潟","千葉","青森","茨城","熊本","長野","愛媛","愛知","栃木","静岡","東京","石川","埼玉","三重","京都","佐賀","大分","大阪","奈良","宮城","宮崎","富山","山口","山形","山梨","岩手","岐阜","岡山","島根","広島","徳島","沖縄","滋賀","福井","福岡","福島","秋田","群馬","香川","高知","鳥取","or","ne","lg","gr","go","ed","co","ad","ac"],"w":["kitakyushu","kawasaki","yokohama","sapporo","nagoya","sendai","kobe"],"e":["city.kitakyushu","city.kawasaki","city.yokohama","city.sapporo","city.nagoya","city.sendai","city.kobe"]},"ke":{"w":[""],"r":["blogspot.co"]},"kg":{"r":["org","net","com","edu","gov","mil"]},"kh":{"w":[""]},"ki":{"r":["info","org","net","biz","gov","edu","com"]},"km":{"r":["pharmaciens","veterinaire","notaires","medecin","presse","gouv","asso","coop","com","ass","mil","edu","org","nom","gov","prd","tm"]},"kn":{"r":["net","org","edu","gov"]},"kp":{"r":["com","edu","gov","org","rep","tra"]},"kr":{"r":["gyeongnam","gyeongbuk","gyeonggi","blogspot","chungbuk","chungnam","gangwon","gwangju","incheon","jeonnam","daejeon","jeonbuk","seoul","busan","ulsan","daegu","jeju","mil","hs","kg","go","es","co","sc","re","pe","or","ne","ms","ac"]},"kw":{"w":[""]},"ky":{"r":["edu","gov","com","org","net"]},"kz":{"r":["org","edu","net","gov","mil","com"]},"la":{"r":["info","edu","int","net","org","per","com","gov","c"]},"lb":{"r":["com","edu","gov","net","org"]},"lc":{"r":["com","net","gov","edu","org","co","oy"]},"li":{"r":["blogspot"]},"lk":{"r":["hotel","assn","edu","int","com","org","net","gov","soc","web","ltd","sch","grp","ngo","ac"]},"lr":{"r":["com","edu","gov","org","net"]},"ls":{"r":["org","co"]},"lt":{"r":["blogspot","gov"]},"lu":{"r":["blogspot"]},"lv":{"r":["conf","mil","gov","org","edu","asn","net","com","id"]},"ly":{"r":["com","net","gov","plc","org","sch","med","edu","id"]},"ma":{"r":["press","net","gov","org","ac","co"]},"mc":{"r":["asso","tm"]},"md":{"r":["blogspot"]},"me":{"r":["diskstation","synology","brasilia","dscloud","loginto","dnsfor","daplie","webhop","hopto","priv","i234","myds","noip","ddns","its","gov","net","org","edu","ac","co"]},"mg":{"r":["org","nom","gov","prd","com","edu","mil","tm","co"]},"mh":{},"mil":{},"mk":{"r":["blogspot","name","gov","edu","net","inf","org","com"]},"ml":{"r":["presse","gouv","gov","edu","net","org","com"]},"mm":{"w":[""]},"mn":{"r":["gov","edu","org","nyc"]},"mo":{"r":["com","net","org","edu","gov"]},"mobi":{"r":["dscloud"]},"mp":{},"mq":{},"mr":{"r":["blogspot","gov"]},"ms":{"r":["com","edu","gov","net","org"]},"mt":{"r":["blogspot.com","net","edu","org","com"]},"mu":{"r":["com","net","org","gov","ac","co","or"]},"museum":{"r":["posts-and-telecommunications","correios-e-telecomunicações","environmentalconservation","colonialwilliamsburg","naturalhistorymuseum","natuurwetenschappen","medizinhistorisches","harvestcelebration","sciencesnaturelles","scienceandindustry","historicalsociety","scienceandhistory","telekommunikation","naturhistorisches","historyofscience","nationalfirearms","usdecorativearts","brandywinevalley","nationalheritage","museumvereniging","philadelphiaarea","americanantiques","naturalsciences","hembygdsforbund","oceanographique","britishcolumbia","science-fiction","childrensgarden","uscountryestate","contemporaryart","botanicalgarden","stateofdelaware","uslivinghistory","computerhistory","coloradoplateau","watch-and-clock","naturalhistory","historichouses","coastaldefence","culturalcenter","communications","nativeamerican","sciencecenters","kunstunddesign","christiansburg","heimatunduhren","decorativearts","archaeological","sciencehistory","casadelamoneda","soundandvision","southcarolina","chesapeakebay","beeldengeluid","livinghistory","oceanographic","farmequipment","sciencecenter","imageandsound","countryestate","kunstsammlung","assassination","botanicgarden","artsandcrafts","watchandclock","communication","comunicações","franziskaner","sanfrancisco","encyclopedic","arteducation","salvadordali","philadelphia","historisches","santabarbara","illustration","riodejaneiro","artanddesign","saskatchewan","fortmissoula","architecture","newhampshire","washingtondc","indianapolis","museumcenter","indianmarket","stpetersburg","civilization","schlesisches","civilisation","surgeonshall","anthropology","intelligence","localhistory","contemporary","chiropractic","williamsburg","preservation","chattanooga","palmsprings","educational","americanart","grandrapids","oregontrail","lewismiller","interactive","schoenbrunn","environment","schokoladen","gemological","corporation","delmenhorst","midatlantic","planetarium","volkenkunde","archaeology","judygarland","timekeeping","photography","association","agriculture","freemasonry","lancashire","pittsburgh","collection","vlaanderen","plantation","cincinnati","usantiques","halloffame","cheltenham","portlligat","cartoonart","copenhagen","capebreton","california","historical","resistance","historisch","saintlouis","university","humanities","birthplace","foundation","motorcycle","savannahga","monticello","sherbrooke","journalism","automotive","juedisches","exhibition","koebenhavn","artgallery","television","zoological","versailles","marylhurst","losangeles","luxembourg","entomology","manchester","settlement","steiermark","eastafrica","embroidery","elvendrell","technology","eisenbahn","ambulance","nuremberg","education","eastcoast","americana","nuernberg","discovery","amsterdam","annefrank","mesaverde","stockholm","newspaper","ethnology","newmexico","starnberg","newjersey","arboretum","paderborn","artcenter","farmstead","yorkshire","karikatur","filatelia","ushistory","minnesota","transport","stuttgart","astronomy","australia","jewishart","baltimore","fortworth","jerusalem","francaise","frankfurt","jefferson","cranbrook","barcelona","isleofman","beauxarts","westfalen","furniture","santacruz","philately","botanical","geelvinck","community","rochester","broadcast","bruxelles","usculture","southwest","chocolate","childrens","cambridge","research","portland","presidio","national","wallonie","children","cadaques","railroad","mulhouse","helsinki","guernsey","heritage","histoire","building","civilwar","brussels","columbia","columbus","muenster","salzburg","horology","computer","sandiego","corvette","fundacio","muenchen","berkeley","bellevue","pharmacy","wildlife","baseball","undersea","montreal","fribourg","freiburg","creation","cultural","pasadena","windmill","usgarden","workshop","aviation","missoula","naumburg","flanders","finearts","nebraska","figueres","svizzera","asmatart","topology","virginia","stalbans","yosemite","military","database","michigan","mallorca","epilepsy","memorial","aquarium","antiques","delaware","dinosaur","donostia","maryland","american","egyptian","maritimo","sciences","maritime","loyalist","mansions","scotland","airguard","monmouth","settlers","academy","ירושלים","mansion","lucerne","seaport","marburg","alabama","zoology","artdeco","lincoln","atlanta","medical","larsson","badajoz","textile","science","lajolla","schweiz","theater","baghdad","whaling","bergbau","sibenik","missile","judaica","santafe","trolley","western","jewelry","jamison","trustee","birdart","indiana","society","history","bristol","sologne","rockart","british","brussel","burghof","handson","hamburg","denmark","giessen","georgia","geology","gateway","project","carrier","gallery","florida","finland","fineart","ushuaia","farmers","castres","chicago","newport","clinton","newyork","virtuel","norfolk","coldwar","phoenix","england","convent","costume","station","culture","detroit","virtual","village","ontario","openair","pacific","railway","viking","oxford","oregon","dallas","palace","online","design","panama","square","vantaa","crafts","county","durham","elburg","stjohn","valley","pilots","niepce","estate","circus","plants","cinema","portal","exeter","center","celtic","family","castle","garden","nature","public","canada","quebec","bushey","usarts","suisse","hawaii","brunel","health","museet","muncie","russia","hellas","indian","brasil","botany","boston","moscow","bilbao","jewish","modern","berlin","karate","mining","bauern","miners","torino","school","labour","landes","meeres","austin","sweden","assisi","living","anthro","london","alaska","louvre","sydney","luzern","madrid","surrey","shell","amber","youth","basel","skole","salem","baths","pubol","press","plaza","space","bible","paris","stadt","paleo","otago","state","omaha","wales","steam","clock","touch","north","neues","naval","music","money","cymru","depot","media","dolls","essex","field","force","glass","gorge","texas","house","labor","uhren","kunst","koeln","trust","cyber","town","juif","tree","иком","kids","iron","time","satx","iraq","lans","silk","graz","läns","linz","glas","frog","arts","film","york","farm","utah","uvic","tank","manx","mill","axis","bonn","moma","bahn","cody","coal","bale","nyny","roma","bern","bill","dali","bus","spy","war","can","ski","nyc","nrw","ddr","tcm","mad","art","usa","and","ulm","air","jfk"]},"mv":{"r":["museum","aero","name","coop","info","int","edu","gov","mil","com","biz","net","org","pro"]},"mw":{"r":["museum","coop","org","com","net","biz","gov","int","edu","co","ac"]},"mx":{"r":["blogspot","edu","gob","org","net","com"]},"my":{"r":["blogspot","name","edu","gov","org","mil","net","com"]},"mz":{"w":[""],"e":["teledata"]},"na":{"r":["school","info","name","mobi","pro","com","org","mx","us","in","cc","tv","ws","dr","co","or","ca"]},"name":{"r":["forgot.her","forgot.his"]},"nc":{"r":["asso"]},"ne":{},"net":{"r":["privatizehealthinsurance","global.prod.fastly","global.ssl.fastly","mysecuritycamera","eating-organic","serveminecraft","cloudfunctions","a.prod.fastly","scrapper-site","endofinternet","office-on-the","azurewebsites","ham-radio-op","azure-mobile","b.ssl.fastly","a.ssl.fastly","at-band-camp","in-the-band","redirectme","buyshouses","cloudfront","dynathome","is-a-chef","dontexist","mydissent","kicks-ass","mymediapc","cdn77-ssl","serveblog","homelinux","is-a-geek","cloudapp","homeunix","myeffect","isa-geek","dnsalias","broke-it","bounceme","rackmaze","familyds","sells-it","servebbs","serveftp","thruhere","dynalias","r.cdn77","dsmynas","myfritz","podzone","blogdns","homeftp","gets-it","from-ny","from-la","dnsdojo","from-az","does-it","from-co","homeip","selfip","webhop","nhlfan","pgafan","dynv6","sytes","mypsx","no-ip","ddns","hu","jp","se","gb","in","uk","za"]},"nf":{"r":["store","other","info","firm","arts","web","rec","per","net","com"]},"ng":{"r":["blogspot.com","name","mobi","com","mil","gov","edu","sch","org","net","i"]},"ni":{"r":["info","gob","edu","org","nom","net","mil","int","biz","web","com","ac","in","co"]},"nl":{"r":["blogspot","co","bv"]},"no":{"r":["heroy.more-og-romsdal","sande.more-og-romsdal","sande.møre-og-romsdal","herøy.møre-og-romsdal","stjordalshalsen","evje-og-hornnes","stjørdalshalsen","aurskog-høland","heroy.nordland","herøy.nordland","naamesjevuemie","sande.vestfold","midtre-gauldal","aurskog-holand","nååmesjevuemie","matta-varjjat","mátta-várjjat","skedsmokorset","øystre-slidre","vestre-slidre","oystre-slidre","nore-og-uvdal","guovdageaidnu","valer.ostfold","våler.østfold","dielddanuorri","valer.hedmark","våler.hedmark","giehtavuoatna","divttasvuotna","hammarfeasta","báhccavuotna","bahccavuotna","divtasvuodna","os.hordaland","hattfjelldal","nes.buskerud","nes.akershus","sandnessjøen","gs.jan-mayen","laakesvuemie","sør-varanger","sor-varanger","hámmárfeasta","vestre-toten","sandnessjoen","krokstadelva","kristiansund","kristiansand","nesoddtangen","søndre-land","sondre-land","leaŋgaviika","leangaviika","gs.svalbard","ostre-toten","østre-toten","holmestrand","stor-elvdal","nordre-land","davvenjárga","davvenjarga","brønnøysund","lillehammer","tvedestrand","nord-aurdal","báhcavuotna","vossevangen","ráhkkerávju","fredrikstad","bahcavuotna","bo.nordland","bearalvahki","bearalváhki","nedre-eiker","málatvuopmi","flekkefjord","malatvuopmi","bø.nordland","rahkkeravju","kongsvinger","bo.telemark","bronnoysund","bø.telemark","sor-aurdal","snillfjord","fylkesbibl","masfjorden","vindafjord","krodsherad","krødsherad","namdalseid","kautokeino","namsskogan","aknoluokta","kárášjohka","čáhcesuolo","spjelkavik","cahcesuolo","ullensvang","karasjohka","ullensaker","ákŋoluokta","sandefjord","hjelmeland","balestrand","gangaviika","sør-aurdal","os.hedmark","hagebostad","kvinnherad","omasvuotna","ovre-eiker","øvre-eiker","davvesiida","brumunddal","hægebostad","gáŋgaviika","hammerfest","leikanger","randaberg","rakkestad","porsgrunn","álaheadju","gaivuotna","andasuolo","porsanger","alaheadju","storfjord","gáivuotna","ringerike","ringsaker","alstahaug","overhalla","kviteseid","kvinesdal","gildeskal","samnanger","kvænangen","eigersund","audnedaln","leirfjord","gildeskål","sykkylven","steinkjer","hyllestad","austevoll","austrheim","hornindal","nordreisa","stavanger","ballangen","spydeberg","tjeldsund","balsfjord","trondheim","gratangen","kraanghke","kråanghke","nord-odal","nord-fron","haugesund","lillesand","drangedal","lindesnes","hoylandet","høylandet","sarpsborg","stathelle","jan-mayen","flatanger","jorpeland","båtsfjord","batsfjord","lorenskog","bjerkreim","nannestad","vegarshei","vegårshei","lørenskog","marnardal","vestvagoy","jørpeland","bremanger","kongsberg","vestvågøy","vevelstad","songdalen","folkebibl","mjondalen","mjøndalen","mo-i-rana","kvanangen","moskenes","bådåddjå","badaddja","narviika","lødingen","naustdal","birkenes","berlevåg","berlevag","lodingen","nesodden","nissedal","nittedal","nordkapp","levanger","notodden","notteroy","eidfjord","eidsberg","nøtterøy","eidsvoll","oppegard","oppegård","oygarden","engerdal","lavangen","øygarden","porsangu","evenassi","evenášši","porsáŋgu","návuotna","navuotna","rendalen","rennesoy","rennesøy","kvæfjord","kvafjord","ralingen","rælingen","salangen","tananger","flakstad","sauherad","skiptvet","flesberg","skjervoy","kvalsund","skjervøy","skanland","orkanger","skånland","langevåg","langevag","kopervik","kirkenes","jessheim","hønefoss","karasjok","honefoss","hokksund","fyresdal","sortland","høyanger","hoyanger","egersund","stjordal","stjørdal","åkrehamn","akrehamn","surnadal","sor-fron","sør-fron","gjerdrum","gjerstad","holtålen","holtalen","sor-odal","sør-odal","hjartdal","sorreisa","sørreisa","tingvoll","troandin","grimstad","trogstad","trøgstad","svalbard","hemsedal","tysfjord","aarborte","tonsberg","tønsberg","vanylven","vennesla","jevnaker","blogspot","hamaroy","askvoll","osterøy","osteroy","arendal","sørfold","aremark","harstad","kommune","sorfold","gs.oslo","rennebu","vestnes","svelvik","sunndal","aurland","ringebu","torsken","granvin","stranda","vaksdal","norddal","bajddar","gloppen","bájddar","unjárga","unjarga","stordal","varggat","nesseby","ålesund","gjesdal","gjemnes","bjarkoy","bjarkøy","alesund","romskog","budejju","gausdal","bronnoy","brønnøy","bygland","steigen","fetsund","målselv","malselv","ibestad","inderoy","inderøy","iveland","leirvik","rømskog","jolster","jølster","modalen","sokndal","sogndal","karlsoy","royrvik","midsund","moåreke","moareke","meråker","froland","meraker","mosjoen","røyrvik","siellak","mosjøen","kragero","kragerø","saltdal","forsand","folldal","agdenes","sandnes","lyngdal","stavern","várggát","slattum","seljord","drammen","kvitsoy","kvitsøy","skedsmo","leksvik","skiervá","fuoisku","fuossko","vaapste","farsund","kafjord","kåfjord","eidskog","etnedal","elverum","skierva","lavagis","enebakk","lebesby","tranoy","loabat","larvik","evenes","fauske","voagat","lenvik","osøyro","raholt","råholt","finnoy","tysvær","lierne","sirdal","siljan","finnøy","lindas","lindås","sigdal","fitjar","lahppi","láhppi","tysvar","lunner","fjaler","skodje","luster","osoyro","lyngen","tysnes","lardal","lerdal","lærdal","sandøy","sandoy","vagsoy","bievát","tranby","afjord","malvik","åfjord","vågsøy","muosat","muosát","mandal","marker","bievat","fosnes","meland","meldal","melhus","skanit","skánit","snoasa","frosta","karmøy","karmoy","snaase","snåase","åseral","røyken","royken","jondal","verdal","mosvik","utsira","stange","drøbak","gamvik","gaular","aejrie","namsos","verran","drobak","tynset","hvaler","stokke","narvik","hurdal","horten","bindal","bergen","vestby","gjovik","báidár","gjøvik","idrett","ålgård","nesset","baidar","algard","museum","beiarn","beardu","strand","rollag","bamble","suldal","loabát","averøy","tranøy","deatnu","averoy","hemnes","rindal","alvdal","hadsel","tromso","halden","oksnes","øksnes","oppdal","tromsø","tromsa","orkdal","orland","ørland","orskog","ørskog","ruovat","hasvik","andebu","hareid","hapmir","habmer","hábmer","hápmir","trysil","aseral","solund","asker","trana","askim","værøy","træna","askoy","årdal","ardal","andøy","andoy","askøy","radoy","radøy","ørsta","romsa","orsta","asnes","rauma","åsnes","herad","aukra","nærøy","naroy","ráisa","raisa","balat","rissa","risor","risør","bálát","bardu","rygge","nesna","bjugn","rodoy","rødøy","tydal","bykle","roros","røros","tolga","tokke","molde","modum","barum","meløy","tjøme","tjome","varoy","meloy","bærum","salat","sálát","sálat","gs.aa","måsøy","masoy","løten","loten","bomlo","bømlo","dovre","lurøy","sauda","luroy","volda","selbu","selje","loppa","vagan","dyroy","dyrøy","skaun","donna","vikna","skien","lesja","dønna","vågan","vefsn","fedje","skjak","skjåk","fjell","flora","ulvik","frogn","klæbu","smola","smøla","klabu","snasa","snåsa","klepp","gálsá","galsa","frana","fræna","gs.ah","froya","frøya","florø","floro","vadso","vadsø","forde","førde","giske","bryne","hurum","gs.bu","stord","vardø","hobøl","hobol","hitra","grane","stryn","vardo","grong","valle","hemne","gs.vf","sveio","gulen","gs.va","sogne","søgne","somna","sømna","gs.tr","gs.tm","gs.st","gs.sf","gs.rl","halsa","gs.ol","gs.of","gs.nt","gs.nl","gs.mr","sørum","hamar","haram","gs.hl","gs.fm","sorum","gs.hm","tana","sund","time","arna","tinn","sola","voss","råde","rade","røst","rost","roan","alta","áltá","amli","åmli","amot","rana","stat","åmot","øyer","oyer","osen","odda","aure","berg","bodo","bodø","bokn","moss","oslo","ivgu","lund","lier","vega","leka","etne","kvam","frei","vaga","vågå","fusa","hole","priv","gran","grue","vang","sula","fhs","vgs","gol","hof","hol","flå","fla","fet","eid","lom","sel","mil","ski","dep","vik","tr","va","aa","vf","tm","st","sf","rl","al","ål","ås","ah","bu","fm","ol","of","hå","ha","nt","nl","mr","hm","co","hl"]},"np":{"w":[""]},"nr":{"r":["info","edu","gov","biz","org","net","com"]},"nu":{"r":["merseine","shacknet","mine"]},"nz":{"r":["blogspot.co","parliament","school","health","māori","maori","geek","govt","kiwi","iwi","mil","gen","net","cri","org","co","ac"]},"om":{"r":["museum","gov","edu","com","org","pro","net","med","co"]},"org":{"r":["ssl.origin.cdn77-secure","boldlygoingnowhere","mysecuritycamera","couchpotatofries","endoftheinternet","is-a-celticsfan","is-a-linux-user","is-a-bruinsfan","bmoattachments","is-a-candidate","endofinternet","is-very-sweet","sellsyourhome","is-very-good","is-very-evil","is-very-nice","is-a-patsfan","stuff-4-sale","is-a-knight","misconfused","is-very-bad","doesntexist","home.dyndns","is-a-soxfan","cable-modem","read-books","collegefan","readmyblog","hobby-site","homelinux","go.dyndns","game-host","rsc.cdn77","is-a-chef","is-a-geek","kicks-ass","dontexist","servegame","familyds","is-found","paris.eu","is-saved","blogsite","dynalias","serveftp","servebbs","homeunix","isa-geek","dnsalias","asso.eu","podzone","doomdns","is-lost","dnsdojo","from-me","c.cdn77","homedns","homeftp","duckdns","dsmynas","blogdns","dvrdns","nflfan","mlbfan","dyndns","webhop","gotdns","ufcfan","q-a.eu","selfip","net.eu","int.eu","edu.eu","me.eu","de.eu","ee.eu","es.eu","fi.eu","fr.eu","gr.eu","hr.eu","hu.eu","ie.eu","il.eu","in.eu","cz.eu","is.eu","it.eu","jp.eu","kr.eu","lt.eu","lu.eu","lv.eu","mc.eu","dk.eu","mk.eu","mt.eu","my.eu","cy.eu","zapto","myftp","no.eu","nz.eu","cn.eu","pl.eu","pt.eu","ch.eu","ro.eu","ru.eu","se.eu","si.eu","sk.eu","tr.eu","uk.eu","us.eu","cd.eu","ca.eu","bg.eu","be.eu","au.eu","at.eu","al.eu","no-ip","ng.eu","hopto","nl.eu","tunk","ae","eu","us","hk","za"]},"pa":{"r":["nom","gob","com","org","sld","med","net","ing","abo","edu","ac"]},"pe":{"r":["blogspot","org","nom","mil","gob","com","net","edu"]},"pf":{"r":["com","org","edu"]},"pg":{"w":[""]},"ph":{"r":["com","net","org","gov","mil","ngo","edu","i"]},"pk":{"r":["info","gov","edu","org","fam","biz","web","net","gob","gok","gon","gop","gos","com"]},"pl":{"r":["kazimierz-dolny","starostwo.gov","nieruchomosci","konsulat.gov","jelenia-gora","starachowice","stalowa-wola","swinoujscie","boleslawiec","babia-gora","ostrowwlkp","malopolska","tarnobrzeg","konskowola","bialowieza","prochowice","wzmiuw.gov","kobierzyce","swiebodzin","bieszczady","realestate","wloclawek","przeworsk","wodzislaw","bialystok","pomorskie","bydgoszcz","dlugoleka","polkowice","kwpsp.gov","kolobrzeg","sosnowiec","turystyka","walbrzych","zachpomor","zgorzelec","ostrowiec","ostroleka","kmpsp.gov","kppsp.gov","szczecin","warszawa","wskr.gov","pruszkow","rawa-maz","katowice","jaworzno","umig.gov","ugim.gov","upow.gov","nowaruda","stargard","podlasie","mazowsze","psse.gov","augustow","rzgw.gov","szczytno","oirm.gov","limanowa","swidnica","wuoz.gov","uppo.gov","wiih.gov","winb.gov","pinb.gov","wios.gov","witd.gov","zakopane","griw.gov","pup.gov","piw.gov","wif.gov","oum.gov","sdn.gov","lezajsk","uzs.gov","mup.gov","sko.gov","wsa.gov","malbork","wiw.gov","mragowo","legnica","beskidy","olsztyn","opoczno","bielawa","ostroda","kwp.gov","psp.gov","podhale","cieszyn","czeladz","tourism","pomorze","wolomin","klodzko","ketrzyn","gniezno","gorlice","grajewo","wroclaw","rzeszow","skoczow","kaszuby","gliwice","suwalki","karpacz","kartuzy","mielec","kalisz","gdynia","glogow","gdansk","elblag","poznan","krakow","miasta","slupsk","rybnik","lebork","bedzin","zp.gov","sr.gov","powiat","lowicz","pulawy","wielun","so.gov","sa.gov","po.gov","mazury","wegrow","mielno","pa.gov","szkola","uw.gov","warmia","travel","olecko","olkusz","um.gov","ug.gov","ap.gov","mw.gov","us.gov","is.gov","ic.gov","radom","opole","olawa","turek","targi","naklo","sklep","jgora","lukow","wlocl","lubin","tgory","lomza","tychy","media","sanok","sejny","slask","kutno","bytom","zagan","zarow","gmina","zgora","konin","czest","ustka","kepno","ilawa","sopot","pisz","pila","nysa","lapy","wroc","agro","auto","info","priv","shop","mail","rel","sex","com","nom","mil","waw","sos","gsm","edu","biz","med","org","net","atm","gov","elk","aid","gda","art","tm","co","pc"]},"pm":{},"pn":{"r":["gov","net","edu","org","co"]},"post":{},"pr":{"r":["isla","name","info","prof","com","edu","gov","biz","org","net","est","pro","ac"]},"pro":{"r":["avocat","recht","acct","cpa","bar","aca","eng","jur","law","med","aaa"]},"ps":{"r":["edu","gov","sec","plo","com","org","net"]},"pt":{"r":["blogspot","nome","publ","int","edu","org","com","gov","net"]},"pw":{"r":["belau","ed","or","ne","go","co"]},"py":{"r":["coop","gov","edu","com","mil","net","org"]},"qa":{"r":["blogspot","name","gov","mil","edu","net","org","sch","com"]},"re":{"r":["blogspot","asso","com","nom"]},"ro":{"r":["blogspot","store","firm","info","arts","org","nom","rec","www","com","tm","nt"]},"rs":{"r":["blogspot","org","edu","gov","in","co","ac"]},"ru":{"r":["yuzhno-sakhalinsk","yekaterinburg","joshkar-ola","vladikavkaz","arkhangelsk","vladivostok","chelyabinsk","krasnoyarsk","novosibirsk","khabarovsk","pyatigorsk","astrakhan","bashkiria","kamchatka","volgograd","yaroslavl","stavropol","tatarstan","khakassia","rubtsovsk","tsaritsyn","chuvashia","chukotka","dagestan","udmurtia","ulan-ude","vladimir","buryatia","smolensk","simbirsk","sakhalin","belgorod","kostroma","orenburg","voronezh","k-uralsk","murmansk","mordovia","kemerovo","kustanai","nakhodka","blogspot","kalmykia","izhevsk","vologda","bryansk","adygeya","dudinka","saratov","ivanovo","lipetsk","magadan","norilsk","mari-el","kuzbass","yakutia","irkutsk","karelia","nalchik","fareast","vdonsk","e-burg","syzran","grozny","kaluga","tambov","palana","surgut","baikal","marine","tyumen","ryazan","amursk","samara","kurgan","koenig","vyatka","oskol","yamal","jamal","penza","oryol","altai","kirov","tomsk","kazan","zgrad","chita","kuban","kursk","mytis","mari","tuva","kchr","chel","test","nnov","omsk","komi","amur","perm","tver","tula","vrn","bir","cbg","khv","udm","tsk","cmw","tom","stv","kms","org","net","spb","jar","mil","nkz","rnd","ptz","edu","com","snz","nsk","nov","msk","gov","int","pp","ac"]},"rw":{"r":["gouv","com","edu","mil","net","int","gov","ac","co"]},"sa":{"r":["com","net","org","gov","med","pub","edu","sch"]},"sb":{"r":["com","edu","gov","net","org"]},"sc":{"r":["com","gov","net","org","edu"]},"sd":{"r":["info","med","org","edu","net","gov","com","tv"]},"se":{"r":["kommunalforbund","naturbruksgymn","blogspot","komforb","komvux","lanbib","brand","parti","press","fhsk","fhv","org","com","pp","tm","fh","bd","ac","d","l","b","m","n","c","o","k","p","i","h","g","r","s","t","f","u","w","x","y","z","e","a"]},"sg":{"r":["blogspot","gov","org","net","edu","per","com"]},"sh":{"r":["hashbang","org","gov","net","mil","com"],"w":["platform"]},"si":{"r":["blogspot"]},"sj":{},"sk":{"r":["blogspot"]},"sl":{"r":["com","net","edu","gov","org"]},"sm":{},"sn":{"r":["blogspot","perso","univ","gouv","org","edu","com","art"]},"so":{"r":["com","net","org"]},"sr":{},"st":{"r":["embaixada","consulado","principe","saotome","store","edu","com","net","org","gov","mil","co"]},"su":{"r":["vladikavkaz","arkhangelsk","bashkiria","khakassia","togliatti","krasnodar","vladimir","mordovia","kalmykia","dagestan","murmansk","balashov","pokrovsk","karelia","troitsk","ivanovo","obninsk","bryansk","nalchik","adygeya","vologda","kurgan","grozny","kaluga","penza","lenug","sochi","tula","tuva","spb","nov","msk"]},"sv":{"r":["com","edu","gob","org","red"]},"sx":{"r":["gov"]},"sy":{"r":["edu","gov","net","mil","com","org"]},"sz":{"r":["org","ac","co"]},"tc":{},"td":{"r":["blogspot"]},"tel":{},"tf":{},"tg":{},"th":{"r":["net","in","go","co","mi","ac","or"]},"tj":{"r":["test","name","org","com","edu","web","gov","nic","mil","biz","net","int","go","co","ac"]},"tk":{},"tl":{"r":["gov"]},"tm":{"r":["com","edu","org","net","mil","gov","nom","co"]},"tn":{"r":["tourism","defense","agrinet","edunet","mincom","turen","perso","rnrt","intl","info","net","org","ind","nat","rns","rnu","gov","fin","ens","com"]},"to":{"r":["com","gov","net","org","edu","mil"]},"tr":{"r":["blogspot.com","gov.nc","info","name","org","web","gen","com","biz","kep","bbs","net","tel","edu","bel","pol","mil","k12","gov","dr","nc","av","tv"]},"travel":{},"tt":{"r":["travel","museum","coop","aero","mobi","info","jobs","name","gov","pro","biz","net","org","com","int","edu","co"]},"tv":{"r":["better-than","worse-than","on-the-web","dyndns"]},"tw":{"r":["blogspot","club","ebiz","game","net","org","idv","com","mil","edu","gov","組織","商業","網路"]},"tz":{"r":["hotel","mobi","info","mil","ac","me","go","co","ne","or","sc","tv"]},"ua":{"r":["ivano-frankivsk","dnipropetrovsk","dnepropetrovsk","khmelnitskiy","zaporizhzhia","khmelnytskyi","zaporizhzhe","sevastopol","sebastopol","kirovograd","chernivtsi","chernovtsy","chernigov","vinnytsia","cherkassy","chernihiv","ternopil","uzhgorod","mykolaiv","cherkasy","zhytomyr","zhitomir","nikolaev","kharkiv","vinnica","poltava","dominic","kharkov","kherson","donetsk","lugansk","crimea","odessa","yalta","rovno","rivne","lutsk","odesa","volyn","sumy","krym","kiev","kyiv","lviv","com","org","biz","edu","gov","net","dn","pl","kr","km","kh","rv","sb","if","lv","sm","dp","te","ks","uz","cv","cr","cn","vn","ck","mk","kv","in","od","lg","zp","zt","lt","co","pp"]},"ug":{"r":["blogspot","org","com","go","sc","ne","ac","or","co"]},"uk":{"r":["service.gov","blogspot.co","no-ip.co","police","ltd","net","gov","org","plc","nhs","me","co","ac"],"w":["sch"]},"us":{"r":["paroch.k12.ma","stuff-4-sale","chtr.k12.ma","land-4-sale","pvt.k12.ma","golffan","pointto","lib.la","lib.wy","lib.wi","lib.wa","lib.va","lib.vt","lib.vi","lib.ut","lib.tx","lib.tn","lib.sd","lib.sc","lib.ri","lib.pr","lib.pa","lib.or","lib.ok","lib.oh","lib.ny","lib.nv","lib.nm","lib.nj","lib.nh","lib.ne","lib.nd","lib.nc","lib.mt","lib.ms","lib.mo","lib.mn","lib.mi","lib.me","lib.md","lib.ma","lib.ak","lib.ky","lib.ks","lib.in","lib.il","lib.id","lib.al","lib.hi","lib.gu","lib.ga","lib.fl","lib.de","lib.dc","lib.ct","lib.co","lib.ca","lib.az","lib.as","lib.ar","k12.ak","k12.al","k12.ar","k12.as","k12.az","k12.ca","k12.co","k12.ct","k12.dc","k12.de","k12.fl","k12.ga","k12.gu","k12.ia","k12.id","k12.il","k12.in","k12.ks","k12.ky","k12.la","k12.ma","k12.md","k12.me","k12.mi","k12.mn","k12.mo","k12.ms","k12.mt","k12.nc","k12.ne","k12.nh","k12.nj","k12.nm","k12.nv","k12.ny","k12.oh","k12.ok","k12.or","k12.pa","k12.pr","k12.ri","k12.sc","k12.tn","k12.tx","k12.ut","k12.vi","k12.vt","k12.va","k12.wa","k12.wi","k12.wy","lib.ia","cc.al","cc.ar","cc.ak","cc.az","cc.ca","cc.co","cc.ct","cc.dc","cc.de","cc.fl","cc.ga","cc.gu","cc.hi","cc.ia","cc.id","cc.il","cc.in","cc.ks","cc.ky","cc.la","cc.ma","cc.md","cc.me","cc.mi","cc.mn","cc.mo","cc.ms","cc.mt","cc.nc","cc.nd","cc.ne","cc.nh","cc.nj","cc.nm","cc.nv","cc.ny","cc.oh","cc.ok","cc.or","cc.pa","cc.pr","cc.ri","cc.sc","cc.sd","cc.tn","cc.tx","cc.ut","cc.vi","cc.vt","cc.va","cc.wa","cc.wi","cc.wv","cc.wy","is-by","cc.as","noip","kids","isa","fed","dni","nsn","de","ut","tx","tn","sd","sc","ri","pr","pa","or","ok","oh","ny","nv","nm","nj","nh","ne","nd","nc","mt","ms","mo","mn","mi","me","md","ma","la","ky","ks","in","il","id","ia","hi","gu","ga","fl","vi","dc","ct","co","ca","az","as","ar","al","ak","vt","va","wa","wi","wv","wy"]},"uy":{"r":["blogspot.com","mil","gub","edu","net","org","com"]},"uz":{"r":["org","com","net","co"]},"va":{},"vc":{"r":["com","net","org","gov","mil","edu"]},"ve":{"r":["store","arts","firm","info","edu","e12","gob","gov","com","int","tec","net","org","rec","web","mil","co"]},"vg":{},"vi":{"r":["org","com","net","k12","co"]},"vn":{"r":["blogspot","health","name","info","int","gov","edu","biz","org","net","pro","com","ac"]},"vu":{"r":["com","edu","net","org"]},"wf":{},"ws":{"r":["mypets","dyndns","gov","org","edu","net","com"]},"yt":{},"امارات":{},"հայ":{},"বাংলা":{},"бел":{},"中国":{},"中國":{},"الجزائر":{},"مصر":{},"ею":{},"გე":{},"ελ":{},"香港":{},"भारत":{},"بھارت":{},"భారత్":{},"ભારત":{},"ਭਾਰਤ":{},"ভারত":{},"இந்தியா":{},"ایران":{},"ايران":{},"عراق":{},"الاردن":{},"한국":{},"қаз":{},"ලංකා":{},"இலங்கை":{},"المغرب":{},"мкд":{},"мон":{},"澳門":{},"澳门":{},"مليسيا":{},"عمان":{},"پاکستان":{},"پاكستان":{},"فلسطين":{},"срб":{"r":["орг","упр","обр","од","пр","ак"]},"рф":{},"قطر":{},"السعودية":{},"السعودیة":{},"السعودیۃ":{},"السعوديه":{},"سودان":{},"新加坡":{},"சிங்கப்பூர்":{},"سورية":{},"سوريا":{},"ไทย":{},"تونس":{},"台灣":{},"台湾":{},"臺灣":{},"укр":{},"اليمن":{},"xxx":{},"ye":{"w":[""]},"za":{"r":["blogspot.co","grondar","school","agric","law","gov","web","edu","mil","alt","ngo","nis","nom","org","net","tm","co","ac"]},"zm":{"r":["info","edu","org","com","biz","net","sch","mil","gov","co","ac"]},"zw":{"w":[""]},"aaa":{},"aarp":{},"abarth":{},"abb":{},"abbott":{},"abbvie":{},"abc":{},"able":{},"abogado":{},"abudhabi":{},"academy":{},"accenture":{},"accountant":{},"accountants":{},"aco":{},"active":{},"actor":{},"adac":{},"ads":{},"adult":{},"aeg":{},"aetna":{},"afamilycompany":{},"afl":{},"africa":{},"africamagic":{},"agakhan":{},"agency":{},"aig":{},"aigo":{},"airbus":{},"airforce":{},"airtel":{},"akdn":{},"alfaromeo":{},"alibaba":{},"alipay":{},"allfinanz":{},"allstate":{},"ally":{},"alsace":{},"alstom":{},"americanexpress":{},"americanfamily":{},"amex":{},"amfam":{},"amica":{},"amsterdam":{},"analytics":{},"android":{},"anquan":{},"anz":{},"aol":{},"apartments":{},"app":{},"apple":{},"aquarelle":{},"arab":{},"aramco":{},"archi":{},"army":{},"art":{},"arte":{},"asda":{},"associates":{},"athleta":{},"attorney":{},"auction":{},"audi":{},"audible":{},"audio":{},"auspost":{},"author":{},"auto":{},"autos":{},"avianca":{},"aws":{},"axa":{},"azure":{},"baby":{},"baidu":{},"banamex":{},"bananarepublic":{},"band":{},"bank":{},"bar":{},"barcelona":{},"barclaycard":{},"barclays":{},"barefoot":{},"bargains":{},"baseball":{},"basketball":{},"bauhaus":{},"bayern":{},"bbc":{},"bbt":{},"bbva":{},"bcg":{},"bcn":{},"beats":{},"beauty":{},"beer":{},"bentley":{},"berlin":{},"best":{},"bestbuy":{},"bet":{},"bharti":{},"bible":{},"bid":{},"bike":{},"bing":{},"bingo":{},"bio":{},"black":{},"blackfriday":{},"blanco":{},"blockbuster":{},"blog":{},"bloomberg":{},"blue":{},"bms":{},"bmw":{},"bnl":{},"bnpparibas":{},"boats":{},"boehringer":{},"bofa":{},"bom":{},"bond":{},"boo":{},"book":{},"booking":{},"boots":{},"bosch":{},"bostik":{},"boston":{},"bot":{},"boutique":{},"box":{},"bradesco":{},"bridgestone":{},"broadway":{},"broker":{},"brother":{},"brussels":{},"budapest":{},"bugatti":{},"build":{},"builders":{},"business":{},"buy":{},"buzz":{},"bzh":{},"cab":{},"cafe":{},"cal":{},"call":{},"calvinklein":{},"cam":{},"camera":{},"camp":{},"cancerresearch":{},"canon":{},"capetown":{},"capital":{},"capitalone":{},"car":{},"caravan":{},"cards":{},"care":{},"career":{},"careers":{},"cars":{},"cartier":{},"casa":{},"case":{},"caseih":{},"cash":{},"casino":{},"catering":{},"catholic":{},"cba":{},"cbn":{},"cbre":{},"cbs":{},"ceb":{},"center":{},"ceo":{},"cern":{},"cfa":{},"cfd":{},"chanel":{},"channel":{},"chase":{},"chat":{},"cheap":{},"chintai":{},"chloe":{},"christmas":{},"chrome":{},"chrysler":{},"church":{},"cipriani":{},"circle":{},"cisco":{},"citadel":{},"citi":{},"citic":{},"city":{},"cityeats":{},"claims":{},"cleaning":{},"click":{},"clinic":{},"clinique":{},"clothing":{},"cloud":{},"club":{},"clubmed":{},"coach":{},"codes":{},"coffee":{},"college":{},"cologne":{},"comcast":{},"commbank":{},"community":{},"company":{},"compare":{},"computer":{},"comsec":{},"condos":{},"construction":{},"consulting":{},"contact":{},"contractors":{},"cooking":{},"cookingchannel":{},"cool":{},"corsica":{},"country":{},"coupon":{},"coupons":{},"courses":{},"credit":{},"creditcard":{},"creditunion":{},"cricket":{},"crown":{},"crs":{},"cruise":{},"cruises":{},"csc":{},"cuisinella":{},"cymru":{},"cyou":{},"dabur":{},"dad":{},"dance":{},"date":{},"dating":{},"datsun":{},"day":{},"dclk":{},"dds":{},"deal":{},"dealer":{},"deals":{},"degree":{},"delivery":{},"dell":{},"deloitte":{},"delta":{},"democrat":{},"dental":{},"dentist":{},"desi":{},"design":{},"dev":{},"dhl":{},"diamonds":{},"diet":{},"digital":{},"direct":{},"directory":{},"discount":{},"discover":{},"dish":{},"diy":{},"dnp":{},"docs":{},"dodge":{},"dog":{},"doha":{},"domains":{},"dot":{},"download":{},"drive":{},"dstv":{},"dtv":{},"dubai":{},"duck":{},"dunlop":{},"duns":{},"dupont":{},"durban":{},"dvag":{},"dwg":{},"earth":{},"eat":{},"edeka":{},"education":{},"email":{},"emerck":{},"emerson":{},"energy":{},"engineer":{},"engineering":{},"enterprises":{},"epost":{},"epson":{},"equipment":{},"ericsson":{},"erni":{},"esq":{},"estate":{"w":["compute"]},"esurance":{},"etisalat":{},"eurovision":{},"eus":{},"events":{},"everbank":{},"exchange":{},"expert":{},"exposed":{},"express":{},"extraspace":{},"fage":{},"fail":{},"fairwinds":{},"faith":{},"family":{},"fan":{},"fans":{},"farm":{},"farmers":{},"fashion":{},"fast":{},"fedex":{},"feedback":{},"ferrari":{},"ferrero":{},"fiat":{},"fidelity":{},"fido":{},"film":{},"final":{},"finance":{},"financial":{},"fire":{},"firestone":{},"firmdale":{},"fish":{},"fishing":{},"fit":{},"fitness":{},"flickr":{},"flights":{},"flir":{},"florist":{},"flowers":{},"flsmidth":{},"fly":{},"foo":{},"food":{},"foodnetwork":{},"football":{},"ford":{},"forex":{},"forsale":{},"forum":{},"foundation":{},"fox":{},"free":{},"fresenius":{},"frl":{},"frogans":{},"frontdoor":{},"frontier":{},"ftr":{},"fujitsu":{},"fujixerox":{},"fun":{},"fund":{},"furniture":{},"futbol":{},"fyi":{},"gal":{},"gallery":{},"gallo":{},"gallup":{},"game":{},"games":{},"gap":{},"garden":{},"gbiz":{},"gdn":{},"gea":{},"gent":{},"genting":{},"george":{},"ggee":{},"gift":{},"gifts":{},"gives":{},"giving":{},"glade":{},"glass":{},"gle":{},"global":{},"globo":{},"gmail":{},"gmbh":{},"gmo":{},"gmx":{},"godaddy":{},"gold":{},"goldpoint":{},"golf":{},"goo":{},"goodhands":{},"goodyear":{},"goog":{},"google":{},"gop":{},"got":{},"gotv":{},"grainger":{},"graphics":{},"gratis":{},"green":{},"gripe":{},"group":{},"guardian":{},"gucci":{},"guge":{},"guide":{},"guitars":{},"guru":{},"hair":{},"hamburg":{},"hangout":{},"haus":{},"hbo":{},"hdfc":{},"hdfcbank":{},"health":{},"healthcare":{},"help":{},"helsinki":{},"here":{},"hermes":{},"hgtv":{},"hiphop":{},"hisamitsu":{},"hitachi":{},"hiv":{},"hkt":{},"hockey":{},"holdings":{},"holiday":{},"homedepot":{},"homegoods":{},"homes":{},"homesense":{},"honda":{},"honeywell":{},"horse":{},"host":{},"hosting":{},"hot":{},"hoteles":{},"hotels":{},"hotmail":{},"house":{},"how":{},"hsbc":{},"htc":{},"hughes":{},"hyatt":{},"hyundai":{},"ibm":{},"icbc":{},"ice":{},"icu":{},"ieee":{},"ifm":{},"iinet":{},"ikano":{},"imamat":{},"imdb":{},"immo":{},"immobilien":{},"industries":{},"infiniti":{},"ing":{},"ink":{},"institute":{},"insurance":{},"insure":{},"intel":{},"international":{},"intuit":{},"investments":{},"ipiranga":{},"irish":{},"iselect":{},"ismaili":{},"ist":{},"istanbul":{},"itau":{},"itv":{},"iveco":{},"iwc":{},"jaguar":{},"java":{},"jcb":{},"jcp":{},"jeep":{},"jetzt":{},"jewelry":{},"jio":{},"jlc":{},"jll":{},"jmp":{},"jnj":{},"joburg":{},"jot":{},"joy":{},"jpmorgan":{},"jprs":{},"juegos":{},"juniper":{},"kaufen":{},"kddi":{},"kerryhotels":{},"kerrylogistics":{},"kerryproperties":{},"kfh":{},"kia":{},"kim":{},"kinder":{},"kindle":{},"kitchen":{},"kiwi":{},"koeln":{},"komatsu":{},"kosher":{},"kpmg":{},"kpn":{},"krd":{},"kred":{},"kuokgroup":{},"kyknet":{},"kyoto":{},"lacaixa":{},"ladbrokes":{},"lamborghini":{},"lamer":{},"lancaster":{},"lancia":{},"lancome":{},"land":{},"landrover":{},"lanxess":{},"lasalle":{},"lat":{},"latino":{},"latrobe":{},"law":{},"lawyer":{},"lds":{},"lease":{},"leclerc":{},"lefrak":{},"legal":{},"lego":{},"lexus":{},"lgbt":{},"liaison":{},"lidl":{},"life":{},"lifeinsurance":{},"lifestyle":{},"lighting":{},"like":{},"lilly":{},"limited":{},"limo":{},"lincoln":{},"linde":{},"link":{"r":["mypep","cyon"]},"lipsy":{},"live":{},"living":{},"lixil":{},"loan":{},"loans":{},"locker":{},"locus":{},"loft":{},"lol":{},"london":{},"lotte":{},"lotto":{},"love":{},"lpl":{},"lplfinancial":{},"ltd":{},"ltda":{},"lundbeck":{},"lupin":{},"luxe":{},"luxury":{},"macys":{},"madrid":{},"maif":{},"maison":{},"makeup":{},"man":{},"management":{"r":["router"]},"mango":{},"market":{},"marketing":{},"markets":{},"marriott":{},"marshalls":{},"maserati":{},"mattel":{},"mba":{},"mcd":{},"mcdonalds":{},"mckinsey":{},"med":{},"media":{},"meet":{},"melbourne":{},"meme":{},"memorial":{},"men":{},"menu":{},"meo":{},"metlife":{},"miami":{},"microsoft":{},"mini":{},"mint":{},"mit":{},"mitsubishi":{},"mlb":{},"mls":{},"mma":{},"mnet":{},"mobily":{},"moda":{},"moe":{},"moi":{},"mom":{},"monash":{},"money":{},"monster":{},"montblanc":{},"mopar":{},"mormon":{},"mortgage":{},"moscow":{},"moto":{},"motorcycles":{},"mov":{},"movie":{},"movistar":{},"msd":{},"mtn":{},"mtpc":{},"mtr":{},"multichoice":{},"mutual":{},"mutuelle":{},"mzansimagic":{},"nab":{},"nadex":{},"nagoya":{},"naspers":{},"nationwide":{},"natura":{},"navy":{},"nba":{},"nec":{},"netbank":{},"netflix":{},"network":{"w":["alces"]},"neustar":{},"new":{},"newholland":{},"news":{},"next":{},"nextdirect":{},"nexus":{},"nfl":{},"ngo":{},"nhk":{},"nico":{},"nike":{},"nikon":{},"ninja":{},"nissan":{},"nissay":{},"nokia":{},"northwesternmutual":{},"norton":{},"now":{},"nowruz":{},"nowtv":{},"nra":{},"nrw":{},"ntt":{},"nyc":{},"obi":{},"observer":{},"off":{},"office":{},"okinawa":{},"olayan":{},"olayangroup":{},"oldnavy":{},"ollo":{},"omega":{},"one":{},"ong":{},"onl":{},"online":{},"onyourside":{},"ooo":{},"open":{},"oracle":{},"orange":{},"organic":{},"orientexpress":{},"origins":{},"osaka":{},"otsuka":{},"ott":{},"ovh":{"r":["nerdpol"]},"page":{},"pamperedchef":{},"panasonic":{},"panerai":{},"paris":{},"pars":{},"partners":{},"parts":{},"party":{},"passagens":{},"pay":{},"payu":{},"pccw":{},"pet":{},"pfizer":{},"pharmacy":{},"philips":{},"photo":{},"photography":{},"photos":{},"physio":{},"piaget":{},"pics":{},"pictet":{},"pictures":{},"pid":{},"pin":{},"ping":{},"pink":{},"pioneer":{},"pizza":{},"place":{},"play":{},"playstation":{},"plumbing":{},"plus":{},"pnc":{},"pohl":{},"poker":{},"politie":{},"porn":{},"pramerica":{},"praxi":{},"press":{},"prime":{},"prod":{},"productions":{},"prof":{},"progressive":{},"promo":{},"properties":{},"property":{},"protection":{},"pru":{},"prudential":{},"pub":{},"pwc":{},"qpon":{},"quebec":{},"quest":{},"qvc":{},"racing":{},"raid":{},"read":{},"realestate":{},"realtor":{},"realty":{},"recipes":{},"red":{},"redstone":{},"redumbrella":{},"rehab":{},"reise":{},"reisen":{},"reit":{},"reliance":{},"ren":{},"rent":{},"rentals":{},"repair":{},"report":{},"republican":{},"rest":{},"restaurant":{},"review":{},"reviews":{},"rexroth":{},"rich":{},"richardli":{},"ricoh":{},"rightathome":{},"ril":{},"rio":{},"rip":{},"rmit":{},"rocher":{},"rocks":{},"rodeo":{},"rogers":{},"room":{},"rsvp":{},"ruhr":{},"run":{},"rwe":{},"ryukyu":{},"saarland":{},"safe":{},"safety":{},"sakura":{},"sale":{},"salon":{},"samsclub":{},"samsung":{},"sandvik":{},"sandvikcoromant":{},"sanofi":{},"sap":{},"sapo":{},"sarl":{},"sas":{},"save":{},"saxo":{},"sbi":{},"sbs":{},"sca":{},"scb":{},"schaeffler":{},"schmidt":{},"scholarships":{},"school":{},"schule":{},"schwarz":{},"science":{},"scjohnson":{},"scor":{},"scot":{},"seat":{},"secure":{},"security":{},"seek":{},"select":{},"sener":{},"services":{},"ses":{},"seven":{},"sew":{},"sex":{},"sexy":{},"sfr":{},"shangrila":{},"sharp":{},"shaw":{},"shell":{},"shia":{},"shiksha":{},"shoes":{},"shop":{},"shopping":{},"shouji":{},"show":{},"showtime":{},"shriram":{},"silk":{},"sina":{},"singles":{},"site":{"r":["cyon"]},"ski":{},"skin":{},"sky":{},"skype":{},"sling":{},"smart":{},"smile":{},"sncf":{},"soccer":{},"social":{},"softbank":{},"software":{},"sohu":{},"solar":{},"solutions":{},"song":{},"sony":{},"soy":{},"space":{},"spiegel":{},"spot":{},"spreadbetting":{},"srl":{},"srt":{},"stada":{},"staples":{},"star":{},"starhub":{},"statebank":{},"statefarm":{},"statoil":{},"stc":{},"stcgroup":{},"stockholm":{},"storage":{},"store":{},"stream":{},"studio":{},"study":{},"style":{},"sucks":{},"supersport":{},"supplies":{},"supply":{},"support":{},"surf":{},"surgery":{},"suzuki":{},"swatch":{},"swiftcover":{},"swiss":{},"sydney":{},"symantec":{},"systems":{},"tab":{},"taipei":{},"talk":{},"taobao":{},"target":{},"tatamotors":{},"tatar":{},"tattoo":{},"tax":{},"taxi":{},"tci":{},"tdk":{},"team":{},"tech":{},"technology":{},"telecity":{},"telefonica":{},"temasek":{},"tennis":{},"teva":{},"thd":{},"theater":{},"theatre":{},"theguardian":{},"tiaa":{},"tickets":{},"tienda":{},"tiffany":{},"tips":{},"tires":{},"tirol":{},"tjmaxx":{},"tjx":{},"tkmaxx":{},"tmall":{},"today":{},"tokyo":{},"tools":{},"top":{},"toray":{},"toshiba":{},"total":{},"tours":{},"town":{},"toyota":{},"toys":{},"trade":{},"trading":{},"training":{},"travelchannel":{},"travelers":{},"travelersinsurance":{},"trust":{},"trv":{},"tube":{},"tui":{},"tunes":{},"tushu":{},"tvs":{},"ubank":{},"ubs":{},"uconnect":{},"unicom":{},"university":{},"uno":{},"uol":{},"ups":{},"vacations":{},"vana":{},"vanguard":{},"vegas":{},"ventures":{},"verisign":{},"versicherung":{},"vet":{},"viajes":{},"video":{},"vig":{},"viking":{},"villas":{},"vin":{},"vip":{},"virgin":{},"visa":{},"vision":{},"vista":{},"vistaprint":{},"viva":{},"vivo":{},"vlaanderen":{},"vodka":{},"volkswagen":{},"volvo":{},"vote":{},"voting":{},"voto":{},"voyage":{},"vuelos":{},"wales":{},"walmart":{},"walter":{},"wang":{},"wanggou":{},"warman":{},"watch":{},"watches":{},"weather":{},"weatherchannel":{},"webcam":{},"weber":{},"website":{},"wed":{},"wedding":{},"weibo":{},"weir":{},"whoswho":{},"wien":{},"wiki":{},"williamhill":{},"win":{},"windows":{},"wine":{},"winners":{},"wme":{},"wolterskluwer":{},"woodside":{},"work":{},"works":{},"world":{},"wow":{},"wtc":{},"wtf":{},"xbox":{},"xerox":{},"xfinity":{},"xihuan":{},"xin":{},"कॉम":{},"セール":{},"佛山":{},"慈善":{},"集团":{},"在线":{},"大众汽车":{},"点看":{},"คอม":{},"八卦":{},"موقع":{},"一号店":{},"公益":{},"公司":{},"香格里拉":{},"网站":{},"移动":{},"我爱你":{},"москва":{},"католик":{},"онлайн":{},"сайт":{},"联通":{},"קום":{},"时尚":{},"微博":{},"淡马锡":{},"ファッション":{},"орг":{},"नेट":{},"ストア":{},"삼성":{},"商标":{},"商店":{},"商城":{},"дети":{},"ポイント":{},"新闻":{},"工行":{},"家電":{},"كوم":{},"中文网":{},"中信":{},"娱乐":{},"谷歌":{},"電訊盈科":{},"购物":{},"クラウド":{},"通販":{},"网店":{},"संगठन":{},"餐厅":{},"网络":{},"ком":{},"诺基亚":{},"食品":{},"飞利浦":{},"手表":{},"手机":{},"ارامكو":{},"العليان":{},"اتصالات":{},"بازار":{},"موبايلي":{},"ابوظبي":{},"كاثوليك":{},"همراه":{},"닷컴":{},"政府":{},"شبكة":{},"بيتك":{},"عرب":{},"机构":{},"组织机构":{},"健康":{},"рус":{},"珠宝":{},"大拿":{},"みんな":{},"グーグル":{},"世界":{},"書籍":{},"网址":{},"닷넷":{},"コム":{},"天主教":{},"游戏":{},"vermögensberater":{},"vermögensberatung":{},"企业":{},"信息":{},"嘉里大酒店":{},"嘉里":{},"广东":{},"政务":{},"xperia":{},"xyz":{},"yachts":{},"yahoo":{},"yamaxun":{},"yandex":{},"yodobashi":{},"yoga":{},"yokohama":{},"you":{},"youtube":{},"yun":{},"zappos":{},"zara":{},"zero":{},"zip":{},"zippo":{},"zone":{},"zuerich":{},
"__TRANSFORMATIONS__":[{"match":"^chrome-signin$","result":"google.com"},{"match":"^about:accounts$","result":"firefox.com"},{"match":"^socialwallet.bbva.com$","result":"wizzo.es"},{"match":"^((?:[^.]+\\.)*)(createsend.com)$","result":"$1campaignmonitor.com"},{"match":"^((?:[^.]+\\.)*)(td|tdcanadatrust)\\.com$","result":"$1td.com"},{"match":"^((?:[^.]+\\.)*)(dropbox|getdropbox)\\.com$","result":"$1dropbox.com"},{"match":"^((?:[^.]+\\.)*)(citi|citibank|citicards)\\.com$","result":"$1citi.com"},{"match":"^((?:[^.]+\\.)*)(microsoft|live|passport|msn|hotmail|outlook)\\.com$","result":"$1microsoft.com"},{"match":"^((?:[^.]+\\.)*)(37signals|basecamphq|backpackit|campfirenow|highrisehq)\\.com$","result":"$137signals.com"},{"match":"^((?:[^.]+\\.)*)(agile\\.ws|agilewebsolutions\\.com)$","result":"$1agilebits.com"},{"match":"^((?:[^.]+\\.)*)nelnet.com$","result":"$1nelnet.net"},{"match":"^((?:[^.]+\\.)*)(apple|icloud|me).com$","result":"$1apple.com"},{"match":"^((?:[^.]+\\.)*)(squarespace|sqsp).com$","result":"$1squarespace.com"},{"match":"^((?:[^.]+\\.)*)ingdirect.com$","result":"$1capitalone360.com"},{"match":"^((?:[^.]+\\.)*)(stackexchange|stackoverflow|serverfault|superuser)\\.com$","result":"$1stackoverflow.com"},{"match":"^((?:[^.]+\\.)*)gravatar\\.com$","result":"$1wordpress.com"},{"match":"^((?:[^.]+\\.)*)medcohealth.com$","result":"$1express-scripts.com"},{"match":"^((?:[^.]+\\.)*)ebay.(com|co\\.uk|de|ca|fr|com\\.au|es|at|be|com\\.cn|com\\.hk|in|ie|it|co\\.jp|com\\.my|nl|ph|pl|com\\.sg|ch|co\\.th|vn)$","result":"$1ebay.com"},{"match":"^((?:[^.]+\\.)*)global\\.gmarket\\.co\\.kr$","result":"$1ebay.com"},{"match":"^((?:[^.]+\\.)*)tradera\\.com$","result":"$1ebay.com"},{"match":"^((?:[^.]+\\.)*)ruten\\.com\\.tw$","result":"$1ebay.com"},{"match":"^((?:[^.]+\\.)*)gittigidiyor\\.com$","result":"$1ebay.com"},{"match":"^((?:[^.]+\\.)*)amazon.(com|co\\.uk|de|ca|com\\.au|com\\.br|cn|fr|in|it|co\\.jp|com\\.mx|nl|es)$","result":"$1amazon.com"}],
"__VERSION__":1464386924}