{
    "kr": {
        "FORMAT": "ZIP\nCountry\nState City\nStreet",
        "PHONETIC_COUNTRY": "Phonetic South Korea",
        "State": "Province",
        "EDIT_FORMAT": "ZIP\nCountry\nState City\nStreet",
        "Street": "Street",
        "ZIP": "PostalCode",
        "COUNTRY": "South Korea",
        "Country": "Country",
        "URL_FORMAT": "Street, City, State, ZIP, Country",
        "City": "City"
    },
    "cf": {
        "FORMAT": "Street\nCity\nCountry",
        "PHONETIC_COUNTRY": "Phonetic Central African Republic",
        "State": "State",
        "EDIT_FORMAT": "Street\nCity\nCountry",
        "Street": "Street",
        "ZIP": "PostalCode",
        "COUNTRY": "Central African Republic",
        "Country": "Country",
        "URL_FORMAT": "Street, City, Country",
        "City": "City"
    },
    "td": {
        "FORMAT": "Street\nCity\nCountry",
        "PHONETIC_COUNTRY": "Phonetic Chad",
        "State": "State",
        "EDIT_FORMAT": "Street\nCity\nCountry",
        "Street": "Street",
        "ZIP": "PostalCode",
        "COUNTRY": "Chad",
        "Country": "Country",
        "URL_FORMAT": "Street, City, Country",
        "City": "City"
    },
    "cg": {
        "FORMAT": "Street\nCity\nCountry",
        "PHONETIC_COUNTRY": "Phonetic Republic of the Congo",
        "State": "State",
        "EDIT_FORMAT": "Street\nCity\nCountry",
        "Street": "Street",
        "ZIP": "PostalCode",
        "COUNTRY": "Republic of the Congo",
        "Country": "Country",
        "URL_FORMAT": "Street, City, Country",
        "City": "City"
    },
    "no": {
        "FORMAT": "Street\nZIP City\nCountry",
        "PHONETIC_COUNTRY": "Phonetic Norway",
        "Street": "Street",
        "EDIT_FORMAT": "Street\nZIP City\nCountry",
        "ZIP": "PostalCode",
        "COUNTRY": "Norway",
        "Country": "Country",
        "URL_FORMAT": "Street, ZIP, City, Country",
        "City": "City"
    },
    "ch": {
        "FORMAT": "Street\nZIP City\nCountry",
        "PHONETIC_COUNTRY": "Phonetic Switzerland",
        "Street": "Street",
        "EDIT_FORMAT": "Street\nZIP City\nCountry",
        "ZIP": "PostalCode",
        "COUNTRY": "Switzerland",
        "Country": "Country",
        "URL_FORMAT": "Street, ZIP, City, Country",
        "City": "City"
    },
    "np": {
        "FORMAT": "Street\nCity ZIP\nCountry",
        "PHONETIC_COUNTRY": "Phonetic Nepal",
        "State": "State",
        "EDIT_FORMAT": "Street\nCity ZIP\nCountry",
        "Street": "Street",
        "ZIP": "PostalCode",
        "COUNTRY": "Nepal",
        "Country": "Country",
        "URL_FORMAT": "Street, City, ZIP, Country",
        "City": "City"
    },
    "ci": {
        "FORMAT": "Street\nZIP City\nCountry",
        "PHONETIC_COUNTRY": "Phonetic Côte d’Ivoire",
        "State": "State",
        "EDIT_FORMAT": "Street\nZIP City\nCountry",
        "Street": "Street",
        "ZIP": "PostalCode",
        "COUNTRY": "Côte d’Ivoire",
        "Country": "Country",
        "URL_FORMAT": "Street, ZIP, City, Country",
        "City": "City"
    },
    "tg": {
        "FORMAT": "Street\nCity\nCountry",
        "PHONETIC_COUNTRY": "Phonetic Togo",
        "State": "State",
        "EDIT_FORMAT": "Street\nCity\nCountry",
        "Street": "Street",
        "ZIP": "PostalCode",
        "COUNTRY": "Togo",
        "Country": "Country",
        "URL_FORMAT": "Street, City, Country",
        "City": "City"
    },
    "kw": {
        "FORMAT": "Street\nZIP City\nState\nCountry",
        "PHONETIC_COUNTRY": "Phonetic Kuwait",
        "State": "Province",
        "EDIT_FORMAT": "Street\nZIP City\nState\nCountry",
        "Street": "Street",
        "ZIP": "PostalCode",
        "COUNTRY": "Kuwait",
        "Country": "Country",
        "URL_FORMAT": "Street, ZIP, City, State, Country",
        "City": "City"
    },
    "nr": {
        "FORMAT": "Street\nCity State\nCountry",
        "PHONETIC_COUNTRY": "Phonetic Nauru",
        "State": "District",
        "EDIT_FORMAT": "Street\nCity State\nCountry",
        "Street": "Street",
        "ZIP": "PostalCode",
        "COUNTRY": "Nauru",
        "Country": "Country",
        "URL_FORMAT": "Street, City, State, Country",
        "City": "City"
    },
    "th": {
        "FORMAT": "Street\nState\nCity ZIP\nCountry",
        "PHONETIC_COUNTRY": "Phonetic Thailand",
        "State": "District\/Subdivision",
        "EDIT_FORMAT": "Street\nState\nCity ZIP\nCountry",
        "Street": "Street",
        "ZIP": "PostalCode",
        "COUNTRY": "Thailand",
        "Country": "Country",
        "URL_FORMAT": "Street, State, City, ZIP, Country",
        "City": "Province"
    },
    "cl": {
        "FORMAT": "Street\nZIP City\nCountry",
        "PHONETIC_COUNTRY": "Phonetic Chile",
        "State": "State",
        "EDIT_FORMAT": "Street\nZIP City\nCountry",
        "Street": "Street",
        "ZIP": "PostalCode",
        "COUNTRY": "Chile",
        "Country": "Country",
        "URL_FORMAT": "Street, ZIP, City, Country",
        "City": "City"
    },
    "ky": {
        "FORMAT": "Street\nState\nCountry",
        "PHONETIC_COUNTRY": "Phonetic Cayman Islands",
        "State": "Island Name",
        "EDIT_FORMAT": "Street\nState\nCountry",
        "Street": "Street",
        "ZIP": "PostalCode",
        "COUNTRY": "Cayman Islands",
        "Country": "Country",
        "URL_FORMAT": "Street, State, Country",
        "City": "City"
    },
    "cm": {
        "FORMAT": "Street\nCity\nCountry",
        "PHONETIC_COUNTRY": "Phonetic Cameroon",
        "State": "State",
        "EDIT_FORMAT": "Street\nCity\nCountry",
        "Street": "Street",
        "ZIP": "PostalCode",
        "COUNTRY": "Cameroon",
        "Country": "Country",
        "URL_FORMAT": "Street, City, Country",
        "City": "City"
    },
    "tj": {
        "FORMAT": "Street\nZIP City\nCountry",
        "PHONETIC_COUNTRY": "Phonetic Tajikistan",
        "State": "State",
        "EDIT_FORMAT": "Street\nZIP City\nCountry",
        "Street": "Street",
        "ZIP": "PostalCode",
        "COUNTRY": "Tajikistan",
        "Country": "Country",
        "URL_FORMAT": "Street, ZIP, City, Country",
        "City": "City"
    },
    "kz": {
        "FORMAT": "Street\nCity State\nRegion\nCountry\nZIP",
        "PHONETIC_COUNTRY": "Phonetic Kazakhstan",
        "Region": "Province",
        "EDIT_FORMAT": "Street\nCity State\nRegion\nCountry\nZIP",
        "State": "PostalDistrict",
        "Street": "Street",
        "ZIP": "PostalCode",
        "COUNTRY": "Kazakhstan",
        "Country": "Country",
        "URL_FORMAT": "Street, City, State, Region, ZIP, Country",
        "City": "City"
    },
    "cn": {
        "FORMAT": "Country\nState City\nStreet\nZIP",
        "PHONETIC_COUNTRY": "Phonetic China",
        "State": "Province",
        "EDIT_FORMAT": "Country\nState City\nStreet\nZIP",
        "Street": "Street",
        "ZIP": "PostalCode",
        "COUNTRY": "China",
        "Country": "Country",
        "URL_FORMAT": "Street, City, State, Country",
        "City": "City"
    },
    "fi": {
        "FORMAT": "Street\nZIP City\nCountry",
        "PHONETIC_COUNTRY": "Phonetic Finland",
        "Street": "Street",
        "EDIT_FORMAT": "Street\nZIP City\nCountry",
        "ZIP": "PostalCode",
        "COUNTRY": "Finland",
        "Country": "Country",
        "URL_FORMAT": "Street, ZIP, City, Country",
        "City": "City"
    },
    "id": {
        "FORMAT": "Street\nCity\nState ZIP\nCountry",
        "PHONETIC_COUNTRY": "Phonetic Indonesia",
        "State": "Province",
        "EDIT_FORMAT": "Street\nCity\nState ZIP\nCountry",
        "Street": "Street",
        "ZIP": "PostalCode",
        "COUNTRY": "Indonesia",
        "Country": "Country",
        "URL_FORMAT": "Street, City, State, ZIP, Country",
        "City": "City"
    },
    "za": {
        "FORMAT": "Street\nCity\nState\nZIP\nCountry",
        "PHONETIC_COUNTRY": "Phonetic South Africa",
        "State": "Province",
        "EDIT_FORMAT": "Street\nCity\nState\nZIP\nCountry",
        "Street": "Street",
        "ZIP": "PostalCode",
        "COUNTRY": "South Africa",
        "Country": "Country",
        "URL_FORMAT": "Street, City, State, ZIP, Country",
        "City": "City"
    },
    "tl": {
        "FORMAT": "Street\nCity\nCountry",
        "PHONETIC_COUNTRY": "Phonetic Timor-Leste",
        "State": "State",
        "EDIT_FORMAT": "Street\nCity\nCountry",
        "Street": "Street",
        "ZIP": "PostalCode",
        "COUNTRY": "Timor-Leste",
        "Country": "Country",
        "URL_FORMAT": "Street, City, Country",
        "City": "City"
    },
    "co": {
        "FORMAT": "Street\nCity ZIP\nCountry",
        "PHONETIC_COUNTRY": "Phonetic Colombia",
        "State": "State",
        "EDIT_FORMAT": "Street\nCity ZIP\nCountry",
        "Street": "Street",
        "ZIP": "PostalCode",
        "COUNTRY": "Colombia",
        "Country": "Country",
        "URL_FORMAT": "Street, City, ZIP, Country",
        "City": "City"
    },
    "fj": {
        "FORMAT": "Street\nState\nCity\nCountry",
        "PHONETIC_COUNTRY": "Phonetic Fiji",
        "State": "PostalDistrict",
        "EDIT_FORMAT": "Street\nState\nCity\nCountry",
        "Street": "Street",
        "ZIP": "PostalCode",
        "COUNTRY": "Fiji",
        "Country": "Country",
        "URL_FORMAT": "Street, State, City, Country",
        "City": "City"
    },
    "ie": {
        "FORMAT": "Street\nCity State ZIP\nCountry",
        "PHONETIC_COUNTRY": "Phonetic Ireland",
        "State": "County",
        "EDIT_FORMAT": "Street\nCity State\nZIP Country",
        "Street": "Street",
        "ZIP": "PostalCode",
        "COUNTRY": "Ireland",
        "Country": "Country",
        "URL_FORMAT": "Street, City, State, ZIP, Country",
        "City": "City"
    },
    "tm": {
        "FORMAT": "Street\nZIP City\nCountry",
        "PHONETIC_COUNTRY": "Phonetic Turkmenistan",
        "State": "State",
        "EDIT_FORMAT": "Street\nZIP City\nCountry",
        "Street": "Street",
        "ZIP": "PostalCode",
        "COUNTRY": "Turkmenistan",
        "Country": "Country",
        "URL_FORMAT": "Street, ZIP, City, Country",
        "City": "City"
    },
    "la": {
        "FORMAT": "Street\nZIP City\nCountry",
        "PHONETIC_COUNTRY": "Phonetic Laos",
        "State": "State",
        "EDIT_FORMAT": "Street\nZIP City\nCountry",
        "Street": "Street",
        "ZIP": "PostalCode",
        "COUNTRY": "Laos",
        "Country": "Country",
        "URL_FORMAT": "Street, ZIP, City, Country",
        "City": "City"
    },
    "fk": {
        "FORMAT": "Street\nCity\nZIP\nCountry",
        "PHONETIC_COUNTRY": "Phonetic Falkland Islands",
        "State": "State",
        "EDIT_FORMAT": "Street\nCity\nZIP\nCountry",
        "Street": "Street",
        "ZIP": "PostalCode",
        "COUNTRY": "Falkland Islands",
        "Country": "Country",
        "URL_FORMAT": "Street, City, ZIP, Country",
        "City": "City"
    },
    "tn": {
        "FORMAT": "Street\nZIP City\nCountry",
        "PHONETIC_COUNTRY": "Phonetic Tunisia",
        "State": "State",
        "EDIT_FORMAT": "Street\nZIP City\nCountry",
        "Street": "Street",
        "ZIP": "PostalCode",
        "COUNTRY": "Tunisia",
        "Country": "Country",
        "URL_FORMAT": "Street, ZIP, City, Country",
        "City": "City"
    },
    "lb": {
        "FORMAT": "Street\nCity ZIP\nCountry",
        "PHONETIC_COUNTRY": "Phonetic Lebanon",
        "Street": "Street",
        "EDIT_FORMAT": "Street\nCity ZIP\nCountry",
        "ZIP": "PostalCode",
        "COUNTRY": "Lebanon",
        "Country": "Country",
        "URL_FORMAT": "Street, City, ZIP, Country",
        "City": "City"
    },
    "to": {
        "FORMAT": "Street\nCity\nCountry",
        "PHONETIC_COUNTRY": "Phonetic Tonga",
        "State": "State",
        "EDIT_FORMAT": "Street\nCity\nCountry",
        "Street": "Street",
        "ZIP": "PostalCode",
        "COUNTRY": "Tonga",
        "Country": "Country",
        "URL_FORMAT": "Street, City, Country",
        "City": "City"
    },
    "lc": {
        "FORMAT": "Street\nCity\nCountry",
        "PHONETIC_COUNTRY": "Phonetic Saint Lucia",
        "State": "State",
        "EDIT_FORMAT": "Street\nCity\nCountry",
        "Street": "Street",
        "ZIP": "PostalCode",
        "COUNTRY": "Saint Lucia",
        "Country": "Country",
        "URL_FORMAT": "Street, City, Country",
        "City": "City"
    },
    "cr": {
        "FORMAT": "Street\nZIP City\nCountry",
        "PHONETIC_COUNTRY": "Phonetic Costa Rica",
        "State": "State",
        "EDIT_FORMAT": "Street\nZIP City\nCountry",
        "Street": "Street",
        "ZIP": "PostalCode",
        "COUNTRY": "Costa Rica",
        "Country": "Country",
        "URL_FORMAT": "Street, ZIP, City, Country",
        "City": "City"
    },
    "fm": {
        "PHONETIC_COUNTRY": "Phonetic Micronesia",
        "Country": "Country",
        "EDIT_WEIGHTS": {
            "ZIP": "0.5",
            "City": "0.5"
        },
        "COUNTRY": "Micronesia",
        "FORMAT": "Street\nCity State ZIP\nCountry",
        "Street": "Street",
        "State": "State",
        "ZIP": "ZIP",
        "EDIT_FORMAT": "Street\nCity State\nZIP Country",
        "STREET_NUMBER_BEFORE_NAME": "YES",
        "URL_FORMAT": "Street, City, State, ZIP, Country",
        "City": "City",
        "kbdSettings": {
            "State": {
                "fmt": "Alpha",
                "suggest": "never",
                "caps": "All"
            }
        }
    },
    "nz": {
        "FORMAT": "Street\nState\nCity ZIP\nCountry",
        "PHONETIC_COUNTRY": "Phonetic New Zealand",
        "State": "Suburb",
        "EDIT_FORMAT": "Street\nState\nCity ZIP\nCountry",
        "Street": "Street",
        "ZIP": "PostalCode",
        "COUNTRY": "New Zealand",
        "Country": "Country",
        "URL_FORMAT": "Street, State, City, ZIP, Country",
        "City": "City"
    },
    "cz": {
        "FORMAT": "Street\nZIP City\nCountry",
        "PHONETIC_COUNTRY": "Phonetic Czech Republic",
        "Street": "Street",
        "EDIT_FORMAT": "Street\nZIP City\nCountry",
        "ZIP": "PostalCode",
        "COUNTRY": "Czech Republic",
        "Country": "Country",
        "URL_FORMAT": "Street, ZIP, City, Country",
        "City": "City"
    },
    "fo": {
        "FORMAT": "Street\nZIP City\nCountry",
        "PHONETIC_COUNTRY": "Phonetic Faroe Islands",
        "State": "State",
        "EDIT_FORMAT": "Street\nZIP City\nCountry",
        "Street": "Street",
        "ZIP": "PostalCode",
        "COUNTRY": "Faroe Islands",
        "Country": "Country",
        "URL_FORMAT": "Street, ZIP, City, Country",
        "City": "City"
    },
    "tr": {
        "FORMAT": "Street\nZIP State\n City Country",
        "PHONETIC_COUNTRY": "Phonetic Turkey",
        "State": "District",
        "EDIT_FORMAT": "Street\nZIP State\n City Country",
        "Street": "Street",
        "ZIP": "PostalCode",
        "COUNTRY": "Turkey",
        "Country": "Country",
        "URL_FORMAT": "Street, ZIP, State, City, Country",
        "City": "City"
    },
    "cu": {
        "FORMAT": "Street\nZIP City\nCountry",
        "PHONETIC_COUNTRY": "Phonetic Cuba",
        "State": "State",
        "EDIT_FORMAT": "Street\nZIP City\nCountry",
        "Street": "Street",
        "ZIP": "PostalCode",
        "COUNTRY": "Cuba",
        "Country": "Country",
        "URL_FORMAT": "Street, ZIP, City, Country",
        "City": "City"
    },
    "il": {
        "FORMAT": "Street\nZIP City\nCountry",
        "PHONETIC_COUNTRY": "Phonetic Israel",
        "Street": "Street",
        "EDIT_FORMAT": "Street\nZIP City\nCountry",
        "ZIP": "PostalCode",
        "COUNTRY": "Israel",
        "Country": "Country",
        "URL_FORMAT": "Street, ZIP, City, Country",
        "City": "City"
    },
    "cv": {
        "FORMAT": "Street\nZIP City\nCountry",
        "PHONETIC_COUNTRY": "Phonetic Cape Verde",
        "State": "State",
        "EDIT_FORMAT": "Street\nZIP City\nCountry",
        "Street": "Street",
        "ZIP": "PostalCode",
        "COUNTRY": "Cape Verde",
        "Country": "Country",
        "URL_FORMAT": "Street, ZIP, City, Country",
        "City": "City"
    },
    "tt": {
        "FORMAT": "Street\nCity\nCountry",
        "PHONETIC_COUNTRY": "Phonetic Trinidad and Tobago",
        "State": "State",
        "EDIT_FORMAT": "Street\nCity\nCountry",
        "Street": "Street",
        "ZIP": "PostalCode",
        "COUNTRY": "Trinidad and Tobago",
        "Country": "Country",
        "URL_FORMAT": "Street, City, Country",
        "City": "City"
    },
    "im": {
        "FORMAT": "Street\nCity\nZIP\nCountry",
        "PHONETIC_COUNTRY": "Phonetic Isle of Man",
        "State": "State",
        "EDIT_FORMAT": "Street\nCity\nZIP\nCountry",
        "Street": "Street",
        "ZIP": "PostalCode",
        "COUNTRY": "Isle of Man",
        "Country": "Country",
        "URL_FORMAT": "Street, City, ZIP, Country",
        "City": "City"
    },
    "fr": {
        "FORMAT": "Street\nZIP City\nCountry",
        "PHONETIC_COUNTRY": "Phonetic France",
        "Street": "Street",
        "EDIT_FORMAT": "Street\nZIP City\nCountry",
        "STREET_NUMBER_BEFORE_NAME": "YES",
        "ZIP": "PostalCode",
        "COUNTRY": "France",
        "Country": "Country",
        "URL_FORMAT": "Street, ZIP, City, Country",
        "City": "City"
    },
    "in": {
        "FORMAT": "Street\nState\nCity ZIP\nCountry",
        "PHONETIC_COUNTRY": "Phonetic India",
        "State": "Province",
        "EDIT_FORMAT": "Street\nState\nCity ZIP\nCountry",
        "Street": "Street",
        "ZIP": "PINCode",
        "COUNTRY": "India",
        "Country": "Country",
        "URL_FORMAT": "Street, State, City ZIP, Country",
        "City": "City"
    },
    "li": {
        "FORMAT": "Street\nZIP City\nCountry",
        "PHONETIC_COUNTRY": "Phonetic Liechtenstein",
        "Street": "Street",
        "EDIT_FORMAT": "Street\nZIP City\nCountry",
        "ZIP": "PostalCode",
        "COUNTRY": "Liechtenstein",
        "Country": "Country",
        "URL_FORMAT": "Street, ZIP, City, Country",
        "City": "City"
    },
    "tv": {
        "FORMAT": "Street\nCity\nCountry",
        "PHONETIC_COUNTRY": "Phonetic Tuvalu",
        "State": "State",
        "EDIT_FORMAT": "Street\nCity\nCountry",
        "Street": "Street",
        "ZIP": "PostalCode",
        "COUNTRY": "Tuvalu",
        "Country": "Country",
        "URL_FORMAT": "Street, City, Country",
        "City": "City"
    },
    "cy": {
        "FORMAT": "Street\nZIP City\nCountry",
        "PHONETIC_COUNTRY": "Phonetic Cyprus",
        "State": "State",
        "EDIT_FORMAT": "Street\nZIP City\nCountry",
        "Street": "Street",
        "ZIP": "PostalCode",
        "COUNTRY": "Cyprus",
        "Country": "Country",
        "URL_FORMAT": "Street, ZIP, City, Country",
        "City": "City"
    },
    "tw": {
        "FORMAT": "Country\nZIP State City\nStreet",
        "PHONETIC_COUNTRY": "Phonetic Taiwan",
        "State": "County\/City Taiwan",
        "EDIT_FORMAT": "Country\nZIP\nState\nCity\nStreet",
        "Street": "Street",
        "ZIP": "ZIP",
        "Country": "Country",
        "COUNTRY": "Taiwan",
        "URL_FORMAT": "Country,ZIP,State,City,Street",
        "City": "Township\/District"
    },
    "lk": {
        "FORMAT": "Street\nCity\nZIP\nCountry",
        "PHONETIC_COUNTRY": "Phonetic Sri Lanka",
        "State": "State",
        "EDIT_FORMAT": "Street\nCity\nZIP\nCountry",
        "Street": "Street",
        "ZIP": "PostalCode",
        "COUNTRY": "Sri Lanka",
        "Country": "Country",
        "URL_FORMAT": "Street, City, ZIP, Country",
        "City": "City"
    },
    "ad": {
        "FORMAT": "Street\nZIP City\nCountry",
        "PHONETIC_COUNTRY": "Phonetic Andorra",
        "State": "State",
        "EDIT_FORMAT": "Street\nZIP City\nCountry",
        "Street": "Street",
        "ZIP": "PostalCode",
        "COUNTRY": "Andorra",
        "Country": "Country",
        "URL_FORMAT": "Street, ZIP, City, Country",
        "City": "City"
    },
    "zm": {
        "FORMAT": "Street\nZIP City\nCountry",
        "PHONETIC_COUNTRY": "Phonetic Zambia",
        "State": "State",
        "EDIT_FORMAT": "Street\nZIP City\nCountry",
        "Street": "Street",
        "ZIP": "PostalCode",
        "COUNTRY": "Zambia",
        "Country": "Country",
        "URL_FORMAT": "Street, ZIP, City, Country",
        "City": "City"
    },
    "ws": {
        "FORMAT": "Street\nCity\nCountry",
        "PHONETIC_COUNTRY": "Phonetic Samoa",
        "State": "State",
        "EDIT_FORMAT": "Street\nCity\nCountry",
        "Street": "Street",
        "ZIP": "PostalCode",
        "COUNTRY": "Samoa",
        "Country": "Country",
        "URL_FORMAT": "Street, City, Country",
        "City": "City"
    },
    "iq": {
        "FORMAT": "Street\nCity\nZIP\nCountry",
        "PHONETIC_COUNTRY": "Phonetic Iraq",
        "State": "State",
        "EDIT_FORMAT": "Street\nCity\nZIP\nCountry",
        "Street": "Street",
        "ZIP": "PostalCode",
        "COUNTRY": "Iraq",
        "Country": "Country",
        "URL_FORMAT": "Street, City, ZIP, Country",
        "City": "City"
    },
    "ae": {
        "FORMAT": "Street\nZIP City\nCountry",
        "PHONETIC_COUNTRY": "Phonetic United Arab Emirates",
        "Street": "Street",
        "EDIT_FORMAT": "Street\nZIP City\nCountry",
        "ZIP": "PostalCode",
        "COUNTRY": "United Arab Emirates",
        "Country": "Country",
        "URL_FORMAT": "Street, ZIP, City, Country",
        "City": "City"
    },
    "ir": {
        "FORMAT": "Street\nZIP City\nCountry",
        "PHONETIC_COUNTRY": "Phonetic Iran",
        "State": "State",
        "EDIT_FORMAT": "Street\nZIP City\nCountry",
        "Street": "Street",
        "ZIP": "PostalCode",
        "COUNTRY": "Iran",
        "Country": "Country",
        "URL_FORMAT": "Street, ZIP, City, Country",
        "City": "City"
    },
    "af": {
        "FORMAT": "Street\nCity\nCountry",
        "PHONETIC_COUNTRY": "Phonetic Afghanistan",
        "Street": "Street",
        "EDIT_FORMAT": "Street\nCity\nCountry",
        "COUNTRY": "Afghanistan",
        "Country": "Country",
        "URL_FORMAT": "Street, City, Country",
        "City": "City"
    },
    "tz": {
        "FORMAT": "Street\nCity\nCountry",
        "PHONETIC_COUNTRY": "Tanzania",
        "State": "State",
        "EDIT_FORMAT": "Street\nCity\nCountry",
        "Street": "Street",
        "ZIP": "PostalCode",
        "COUNTRY": "Tanzania",
        "Country": "Country",
        "URL_FORMAT": "Street, City, Country",
        "City": "City"
    },
    "is": {
        "FORMAT": "Street\nZIP City\nCountry",
        "PHONETIC_COUNTRY": "Phonetic Iceland",
        "State": "Province",
        "EDIT_FORMAT": "Street\nZIP City\nCountry",
        "Street": "Street",
        "ZIP": "PostalCode",
        "COUNTRY": "Iceland",
        "Country": "Country",
        "URL_FORMAT": "Street, ZIP, City, Country",
        "City": "City"
    },
    "ag": {
        "FORMAT": "Street\nCity\nCountry",
        "PHONETIC_COUNTRY": "Phonetic Antigua and Barbuda",
        "State": "State",
        "EDIT_FORMAT": "Street\nCity\nCountry",
        "Street": "Street",
        "ZIP": "PostalCode",
        "COUNTRY": "Antigua and Barbuda",
        "Country": "Country",
        "URL_FORMAT": "Street, City, Country",
        "City": "City"
    },
    "it": {
        "FORMAT": "Street\nZIP City State\nCountry",
        "PHONETIC_COUNTRY": "Phonetic Italy",
        "State": "Province",
        "EDIT_FORMAT": "Street\nZIP City\nState Country",
        "Street": "Street",
        "ZIP": "PostalCode",
        "COUNTRY": "Italy",
        "Country": "Country",
        "URL_FORMAT": "Street, ZIP, City, State, Country",
        "City": "City"
    },
    "re": {
        "FORMAT": "Street\nZIP City\nCountry",
        "PHONETIC_COUNTRY": "Phonetic Réunion",
        "Street": "Street",
        "EDIT_FORMAT": "Street\nZIP City\nCountry",
        "STREET_NUMBER_BEFORE_NAME": "YES",
        "ZIP": "PostalCode",
        "COUNTRY": "Réunion",
        "Country": "Country",
        "URL_FORMAT": "Street, ZIP, City, Country",
        "City": "City"
    },
    "ua": {
        "PHONETIC_COUNTRY": "Phonetic Ukraine",
        "EDIT_WEIGHTS": {
            "Region": "0.4"
        },
        "COUNTRY": "Ukraine",
        "FORMAT": "Street\nCity Region State\nZIP\nCountry",
        "Street": "Street",
        "State": "Province",
        "ZIP": "PostalCode",
        "Region": "PostalDistrict",
        "EDIT_FORMAT": "Street\nCity\nRegion State\nZIP\nCountry",
        "URL_FORMAT": "Street, City, Region, State, ZIP, Country",
        "Country": "Country",
        "City": "City"
    },
    "de": {
        "FORMAT": "Street\nZIP City\nCountry",
        "PHONETIC_COUNTRY": "Phonetic Germany",
        "Street": "Street",
        "EDIT_FORMAT": "Street\nZIP City\nCountry",
        "ZIP": "PostalCode",
        "COUNTRY": "Germany",
        "Country": "Country",
        "URL_FORMAT": "Street, ZIP, City, Country",
        "City": "City"
    },
    "defaultKbdSettings": {
        "COUNTRY": {
            "fmt": "Alpha",
            "caps": "Word"
        },
        "Region": {
            "fmt": "Alpha",
            "caps": "Word"
        },
        "PostalCode": {
            "fmt": "Num",
            "caps": "None"
        },
        "Street": {
            "fmt": "Alpha",
            "caps": "Word"
        },
        "PostalDistrict": {
            "fmt": "Alpha",
            "caps": "Word"
        },
        "Island Name": {
            "fmt": "Alpha",
            "caps": "Word"
        },
        "City": {
            "fmt": "Alpha",
            "caps": "Word"
        },
        "Further Divisions": {
            "fmt": "Alpha",
            "caps": "Word"
        },
        "PINCode": {
            "fmt": "Num",
            "caps": "Word"
        },
        "Postcode": {
            "fmt": "Num",
            "caps": "None"
        },
        "Prefecture": {
            "fmt": "Alpha",
            "caps": "Word"
        },
        "Province": {
            "fmt": "Alpha",
            "caps": "Word"
        },
        "District": {
            "fmt": "Alpha",
            "caps": "Word"
        },
        "State": {
            "fmt": "Alpha",
            "caps": "Word"
        },
        "Territorial Subdivision": {
            "fmt": "Alpha",
            "caps": "Word"
        },
        "County": {
            "fmt": "Alpha",
            "caps": "Word"
        },
        "Country": {
            "fmt": "Alpha",
            "caps": "Word"
        },
        "State\/Republic": {
            "fmt": "Alpha",
            "caps": "Word"
        },
        "Governorate": {
            "fmt": "Alpha",
            "caps": "Word"
        },
        "Village": {
            "fmt": "Alpha",
            "caps": "Word"
        },
        "DEFAULT": {
            "fmt": "Alpha",
            "caps": "Word"
        },
        "Name Sama": {
            "fmt": "Alpha",
            "caps": "Word"
        },
        "Suburb": {
            "fmt": "Alpha",
            "caps": "Word"
        },
        "ZIP": {
            "fmt": "Num",
            "caps": "None"
        },
        "District\/Subdivision": {
            "fmt": "Alpha",
            "caps": "Word"
        },
        "Department": {
            "fmt": "Alpha",
            "caps": "Word"
        }
    },
    "lr": {
        "FORMAT": "Street\nZIP City\nCountry",
        "PHONETIC_COUNTRY": "Phonetic Liberia",
        "State": "State",
        "EDIT_FORMAT": "Street\nZIP City\nCountry",
        "Street": "Street",
        "ZIP": "PostalCode",
        "COUNTRY": "Liberia",
        "Country": "Country",
        "URL_FORMAT": "Street, ZIP, City, Country",
        "City": "City"
    },
    "ga": {
        "FORMAT": "Street\nZIP City\nCountry",
        "PHONETIC_COUNTRY": "Phonetic Gabon",
        "State": "State",
        "EDIT_FORMAT": "Street\nZIP City\nCountry",
        "Street": "Street",
        "ZIP": "PostalCode",
        "COUNTRY": "Gabon",
        "Country": "Country",
        "URL_FORMAT": "Street, ZIP, City, Country",
        "City": "City"
    },
    "om": {
        "FORMAT": "Street\nZIP\nCity\nState\nCountry",
        "PHONETIC_COUNTRY": "Phonetic Oman",
        "State": "Province",
        "EDIT_FORMAT": "Street\nZIP\nCity\nState\nCountry",
        "Street": "Street",
        "ZIP": "PostalCode",
        "COUNTRY": "Oman",
        "Country": "Country",
        "URL_FORMAT": "Street, ZIP, City, State, Country",
        "City": "City"
    },
    "ls": {
        "FORMAT": "Street\nCity ZIP\nCountry",
        "PHONETIC_COUNTRY": "Phonetic Lesotho",
        "State": "State",
        "EDIT_FORMAT": "Street\nCity ZIP\nCountry",
        "Street": "Street",
        "ZIP": "PostalCode",
        "COUNTRY": "Lesotho",
        "Country": "Country",
        "URL_FORMAT": "Street, City, ZIP, Country",
        "City": "City"
    },
    "al": {
        "FORMAT": "Street\nCity\nCountry",
        "PHONETIC_COUNTRY": "Phonetic Albania",
        "State": "State",
        "EDIT_FORMAT": "Street\nCity\nCountry",
        "Street": "Street",
        "ZIP": "PostalCode",
        "COUNTRY": "Albania",
        "Country": "Country",
        "URL_FORMAT": "Street, City, Country",
        "City": "City"
    },
    "lt": {
        "FORMAT": "Street\nZIP City\nCountry",
        "PHONETIC_COUNTRY": "Phonetic Lithuania",
        "State": "State",
        "EDIT_FORMAT": "Street\nZIP City\nCountry",
        "Street": "Street",
        "ZIP": "PostalCode",
        "COUNTRY": "Lithuania",
        "Country": "Country",
        "URL_FORMAT": "Street, ZIP, City, Country",
        "City": "City"
    },
    "am": {
        "FORMAT": "Street\nZIP City\nCountry",
        "PHONETIC_COUNTRY": "Phonetic Armenia",
        "State": "State",
        "EDIT_FORMAT": "Street\nZIP City\nCountry",
        "Street": "Street",
        "ZIP": "PostalCode",
        "COUNTRY": "Armenia",
        "Country": "Country",
        "URL_FORMAT": "Street, ZIP, City, Country",
        "City": "City"
    },
    "zw": {
        "FORMAT": "Street\nCity\nCountry",
        "PHONETIC_COUNTRY": "Phonetic Zimbabwe",
        "State": "State",
        "EDIT_FORMAT": "Street\nCity\nCountry",
        "Street": "Street",
        "ZIP": "PostalCode",
        "COUNTRY": "Zimbabwe",
        "Country": "Country",
        "URL_FORMAT": "Street, City, Country",
        "City": "City"
    },
    "lu": {
        "FORMAT": "Street\nZIP City\nCountry",
        "PHONETIC_COUNTRY": "Phonetic Luxembourg",
        "Street": "Street",
        "EDIT_FORMAT": "Street\nZIP City\nCountry",
        "ZIP": "PostalCode",
        "COUNTRY": "Luxembourg",
        "Country": "Country",
        "URL_FORMAT": "Street, ZIP, City, Country",
        "City": "City"
    },
    "gd": {
        "FORMAT": "Street\nCity\nCountry",
        "PHONETIC_COUNTRY": "Phonetic Grenada",
        "State": "State",
        "EDIT_FORMAT": "Street\nCity\nCountry",
        "Street": "Street",
        "ZIP": "PostalCode",
        "COUNTRY": "Grenada",
        "Country": "Country",
        "URL_FORMAT": "Street, City, Country",
        "City": "City"
    },
    "lv": {
        "FORMAT": "Street\nCity ZIP\nCountry",
        "PHONETIC_COUNTRY": "Phonetic Latvia",
        "State": "State",
        "EDIT_FORMAT": "Street\nCity ZIP\nCountry",
        "Street": "Street",
        "ZIP": "PostalCode",
        "COUNTRY": "Latvia",
        "Country": "Country",
        "URL_FORMAT": "Street, City, ZIP, Country",
        "City": "City"
    },
    "ao": {
        "FORMAT": "Street\nCity\nCountry",
        "PHONETIC_COUNTRY": "Phonetic Angola",
        "State": "State",
        "EDIT_FORMAT": "Street\nCity\nCountry",
        "Street": "Street",
        "ZIP": "PostalCode",
        "COUNTRY": "Angola",
        "Country": "Country",
        "URL_FORMAT": "Street, City, Country",
        "City": "City"
    },
    "dj": {
        "FORMAT": "Street\nCity\nCountry",
        "PHONETIC_COUNTRY": "Phonetic Djibouti",
        "State": "State",
        "EDIT_FORMAT": "Street\nCity\nCountry",
        "Street": "Street",
        "ZIP": "PostalCode",
        "COUNTRY": "Djibouti",
        "Country": "Country",
        "URL_FORMAT": "Street, City, Country",
        "City": "City"
    },
    "ge": {
        "FORMAT": "Street\nZIP City\nCountry",
        "PHONETIC_COUNTRY": "Phonetic Georgia",
        "State": "State",
        "EDIT_FORMAT": "Street\nZIP City\nCountry",
        "Street": "Street",
        "ZIP": "PostalCode",
        "COUNTRY": "Georgia",
        "Country": "Country",
        "URL_FORMAT": "Street, ZIP, City, Country",
        "City": "City"
    },
    "ug": {
        "FORMAT": "Street\nCity\nCountry",
        "PHONETIC_COUNTRY": "Phonetic Uganda",
        "State": "State",
        "EDIT_FORMAT": "Street\nCity\nCountry",
        "Street": "Street",
        "ZIP": "PostalCode",
        "COUNTRY": "Uganda",
        "Country": "Country",
        "URL_FORMAT": "Street, City, Country",
        "City": "City"
    },
    "jp": {
        "PHONETIC_COUNTRY": "Phonetic Japan",
        "LABEL_FORMAT": "ZIP\nState City\nStreet\nCountry\nName Sama",
        "COUNTRY": "Japan",
        "FORMAT": "ZIP\nState City\nStreet\nCountry",
        "Street": "Further Divisions",
        "State": "Prefecture",
        "ZIP": "PostalCode",
        "EDIT_FORMAT": "ZIP\nState City\nStreet\nCountry",
        "Sama": "Êßò",
        "URL_FORMAT": "ZIP, State, City, Street, Country",
        "Country": "Country",
        "City": "County\/City Japan"
    },
    "dk": {
        "FORMAT": "Street\nZIP City\nCountry",
        "PHONETIC_COUNTRY": "Phonetic Denmark",
        "Street": "Street",
        "EDIT_FORMAT": "Street\nZIP City\nCountry",
        "ZIP": "PostalCode",
        "COUNTRY": "Denmark",
        "Country": "Country",
        "URL_FORMAT": "Street, ZIP, City, Country",
        "City": "City"
    },
    "ly": {
        "FORMAT": "Street\nCity\nCountry",
        "PHONETIC_COUNTRY": "Phonetic Libya",
        "State": "State",
        "EDIT_FORMAT": "Street\nCity\nCountry",
        "Street": "Street",
        "ZIP": "PostalCode",
        "COUNTRY": "Libya",
        "Country": "Country",
        "URL_FORMAT": "Street, City, Country",
        "City": "City"
    },
    "ar": {
        "FORMAT": "Street\nZIP City\nState\nCountry",
        "PHONETIC_COUNTRY": "Phonetic Argentina",
        "State": "Province",
        "EDIT_FORMAT": "Street\nZIP City\nState\nCountry",
        "Street": "Street",
        "ZIP": "PostalCode",
        "COUNTRY": "Argentina",
        "Country": "Country",
        "URL_FORMAT": "Street, ZIP, City, State, Country",
        "City": "City"
    },
    "dm": {
        "FORMAT": "Street\nCity\nCountry",
        "PHONETIC_COUNTRY": "Phonetic Dominica",
        "State": "State",
        "EDIT_FORMAT": "Street\nCity\nCountry",
        "Street": "Street",
        "ZIP": "PostalCode",
        "COUNTRY": "Dominica",
        "Country": "Country",
        "URL_FORMAT": "Street, City, Country",
        "City": "City"
    },
    "gh": {
        "FORMAT": "Street\nCity\nCountry",
        "PHONETIC_COUNTRY": "Phonetic Ghana",
        "Street": "Street",
        "EDIT_FORMAT": "Street\nCity\nCountry",
        "COUNTRY": "Ghana",
        "Country": "Country",
        "URL_FORMAT": "Street, City, Country",
        "City": "City"
    },
    "gi": {
        "FORMAT": "Street\nCity\nCountry",
        "PHONETIC_COUNTRY": "Phonetic Gibraltar",
        "Street": "Street",
        "EDIT_FORMAT": "Street\nCity\nCountry",
        "COUNTRY": "Gibraltar",
        "Country": "Country",
        "URL_FORMAT": "Street, City, Country",
        "City": "City"
    },
    "ro": {
        "FORMAT": "Street\nZIP City\nCountry",
        "PHONETIC_COUNTRY": "Phonetic Romania",
        "Street": "Street",
        "EDIT_FORMAT": "Street\nZIP City\nCountry",
        "ZIP": "PostalCode",
        "COUNTRY": "Romania",
        "Country": "Country",
        "URL_FORMAT": "Street, ZIP, City, Country",
        "City": "City"
    },
    "uk": {
        "PHONETIC_COUNTRY": "Phonetic United Kingdom",
        "Country": "Country",
        "COUNTRY": "United Kingdom",
        "FORMAT": "Street\nCity\nState\nZIP\nCountry",
        "Street": "Street",
        "State": "County",
        "ZIP": "Postcode",
        "EDIT_FORMAT": "Street\nCity\nState\nZIP\nCountry",
        "STREET_NUMBER_BEFORE_NAME": "YES",
        "URL_FORMAT": "Street, City, State, ZIP, Country",
        "City": "City",
        "kbdSettings": {
            "ZIP": {
                "fmt": "Alpha",
                "caps": "All"
            }
        }
    },
    "gb": {
        "PHONETIC_COUNTRY": "Phonetic United Kingdom",
        "Country": "Country",
        "COUNTRY": "United Kingdom",
        "FORMAT": "Street\nCity\nState\nZIP\nCountry",
        "Street": "Street",
        "State": "County",
        "ZIP": "Postcode",
        "EDIT_FORMAT": "Street\nCity\nState\nZIP\nCountry",
        "STREET_NUMBER_BEFORE_NAME": "YES",
        "URL_FORMAT": "Street, City, State, ZIP, Country",
        "City": "City",
        "kbdSettings": {
            "ZIP": {
                "fmt": "Alpha",
                "caps": "All"
            }
        }
    },
    "at": {
        "FORMAT": "Street\nZIP City\nCountry",
        "PHONETIC_COUNTRY": "Phonetic Austria",
        "Street": "Street",
        "EDIT_FORMAT": "Street\nZIP City\nCountry",
        "ZIP": "PostalCode",
        "COUNTRY": "Austria",
        "Country": "Country",
        "URL_FORMAT": "Street, ZIP, City, Country",
        "City": "City"
    },
    "do": {
        "FORMAT": "Street\nState\nZIP City\nCountry",
        "PHONETIC_COUNTRY": "Phonetic Dominican Republic",
        "State": "PostalDistrict",
        "EDIT_FORMAT": "Street\nState\nZIP City\nCountry",
        "Street": "Street",
        "ZIP": "PostalCode",
        "COUNTRY": "Dominican Republic",
        "Country": "Country",
        "URL_FORMAT": "Street, State, ZIP, City, Country",
        "City": "City"
    },
    "au": {
        "FORMAT": "Street\nCity State ZIP\nCountry",
        "PHONETIC_COUNTRY": "Phonetic Australia",
        "State": "State",
        "EDIT_FORMAT": "Street\nCity State\nZIP Country",
        "Street": "Street",
        "ZIP": "PostalCode",
        "COUNTRY": "Australia",
        "Country": "Country",
        "URL_FORMAT": "Street, City, State, ZIP, Country",
        "City": "Suburb"
    },
    "ma": {
        "FORMAT": "Street\nZIP City\nCountry",
        "PHONETIC_COUNTRY": "Phonetic Morocco",
        "State": "State",
        "EDIT_FORMAT": "Street\nZIP City\nCountry",
        "Street": "Street",
        "ZIP": "PostalCode",
        "COUNTRY": "Morocco",
        "Country": "Country",
        "URL_FORMAT": "Street, ZIP, City, Country",
        "City": "City"
    },
    "rs": {
        "FORMAT": "Street\nZIP City\nCountry",
        "PHONETIC_COUNTRY": "Phonetic Serbia",
        "State": "State",
        "EDIT_FORMAT": "Street\nZIP City\nCountry",
        "Street": "Street",
        "ZIP": "PostalCode",
        "COUNTRY": "Serbia",
        "Country": "Country",
        "URL_FORMAT": "Street, ZIP, City, Country",
        "City": "City"
    },
    "gl": {
        "FORMAT": "Street\nZIP City\nCountry",
        "PHONETIC_COUNTRY": "Phonetic Greenland",
        "Street": "Street",
        "EDIT_FORMAT": "Street\nZIP City\nCountry",
        "ZIP": "PostalCode",
        "COUNTRY": "Greenland",
        "Country": "Country",
        "URL_FORMAT": "Street, ZIP, City, Country",
        "City": "PostalDistrict"
    },
    "mc": {
        "FORMAT": "Street\nZIP City\nCountry",
        "PHONETIC_COUNTRY": "Phonetic Monaco",
        "State": "State",
        "EDIT_FORMAT": "Street\nZIP City\nCountry",
        "Street": "Street",
        "ZIP": "PostalCode",
        "COUNTRY": "Monaco",
        "Country": "Country",
        "URL_FORMAT": "Street, ZIP, City, Country",
        "City": "City"
    },
    "gm": {
        "FORMAT": "Street\nCity\nCountry",
        "PHONETIC_COUNTRY": "Phonetic The Gambia",
        "State": "State",
        "EDIT_FORMAT": "Street\nCity\nCountry",
        "Street": "Street",
        "ZIP": "PostalCode",
        "COUNTRY": "The Gambia",
        "Country": "Country",
        "URL_FORMAT": "Street, City, Country",
        "City": "City"
    },
    "ru": {
        "FORMAT": "Street\nCity\nState\nCountry\nZIP",
        "PHONETIC_COUNTRY": "Phonetic Russia",
        "State": "Province",
        "EDIT_FORMAT": "Street\nCity\nState\nCountry\nZIP",
        "Street": "Street",
        "ZIP": "PostalCode",
        "COUNTRY": "Russia",
        "Country": "Country",
        "URL_FORMAT": "Street, City, State, Country, ZIP",
        "City": "City\/Region"
    },
    "md": {
        "FORMAT": "Street\nZIP City\nCountry",
        "PHONETIC_COUNTRY": "Phonetic Moldova",
        "State": "State",
        "EDIT_FORMAT": "Street\nZIP City\nCountry",
        "Street": "Street",
        "ZIP": "PostalCode",
        "COUNTRY": "Moldova",
        "Country": "Country",
        "URL_FORMAT": "Street, ZIP, City, Country",
        "City": "City"
    },
    "gn": {
        "FORMAT": "Street\nZIP City\nCountry",
        "PHONETIC_COUNTRY": "Phonetic Guinea",
        "State": "State",
        "EDIT_FORMAT": "Street\nZIP City\nCountry",
        "Street": "Street",
        "ZIP": "PostalCode",
        "COUNTRY": "Guinea",
        "Country": "Country",
        "URL_FORMAT": "Street, ZIP, City, Country",
        "City": "City"
    },
    "me": {
        "FORMAT": "Street\nZIP City\nCountry",
        "PHONETIC_COUNTRY": "Phonetic Montenegro",
        "State": "State",
        "EDIT_FORMAT": "Street\nZIP City\nCountry",
        "Street": "Street",
        "ZIP": "PostalCode",
        "COUNTRY": "Montenegro",
        "Country": "Country",
        "URL_FORMAT": "Street, ZIP, City, Country",
        "City": "City"
    },
    "rw": {
        "FORMAT": "Street\nCity\nCountry",
        "PHONETIC_COUNTRY": "Phonetic Rwanda",
        "State": "State",
        "EDIT_FORMAT": "Street\nCity\nCountry",
        "Street": "Street",
        "ZIP": "PostalCode",
        "COUNTRY": "Rwanda",
        "Country": "Country",
        "URL_FORMAT": "Street, City, Country",
        "City": "City"
    },
    "az": {
        "FORMAT": "Street\nZIP City\nCountry",
        "PHONETIC_COUNTRY": "Phonetic Azerbaijan",
        "State": "State",
        "EDIT_FORMAT": "Street\nZIP City\nCountry",
        "Street": "Street",
        "ZIP": "PostalCode",
        "COUNTRY": "Azerbaijan",
        "Country": "Country",
        "URL_FORMAT": "Street, ZIP, City, Country",
        "City": "City"
    },
    "mf": {
        "FORMAT": "Street\nZIP City\nCountry",
        "PHONETIC_COUNTRY": "Phonetic Saint Martin",
        "Street": "Street",
        "EDIT_FORMAT": "Street\nZIP City\nCountry",
        "STREET_NUMBER_BEFORE_NAME": "YES",
        "ZIP": "PostalCode",
        "COUNTRY": "Saint Martin",
        "Country": "Country",
        "URL_FORMAT": "Street, ZIP, City, Country",
        "City": "City"
    },
    "pa": {
        "FORMAT": "Street\nZIP City\nState\nCountry",
        "PHONETIC_COUNTRY": "Phonetic Panama",
        "State": "Province",
        "EDIT_FORMAT": "Street\nZIP City\nState\nCountry",
        "Street": "Street",
        "ZIP": "PostalCode",
        "COUNTRY": "Panama",
        "Country": "Country",
        "URL_FORMAT": "Street, ZIP, City, State, Country",
        "City": "City"
    },
    "gp": {
        "FORMAT": "Street\nZIP City\nCountry",
        "PHONETIC_COUNTRY": "Phonetic Guadeloupe",
        "Street": "Street",
        "EDIT_FORMAT": "Street\nZIP City\nCountry",
        "STREET_NUMBER_BEFORE_NAME": "YES",
        "ZIP": "PostalCode",
        "COUNTRY": "Guadeloupe",
        "Country": "Country",
        "URL_FORMAT": "Street, ZIP, City, Country",
        "City": "City"
    },
    "us": {
        "PHONETIC_COUNTRY": "Phonetic United States",
        "Country": "Country",
        "EDIT_WEIGHTS": {
            "ZIP": "0.5",
            "City": "0.5"
        },
        "COUNTRY": "United States",
        "FORMAT": "Street\nCity State ZIP\nCountry",
        "Street": "Street",
        "State": "State",
        "ZIP": "ZIP",
        "EDIT_FORMAT": "Street\nCity State\nZIP Country",
        "STREET_NUMBER_BEFORE_NAME": "YES",
        "URL_FORMAT": "Street, City, State, ZIP, Country",
        "City": "City",
        "kbdSettings": {
            "State": {
                "fmt": "Alpha",
                "suggest": "never",
                "caps": "All"
            }
        }
    },
	"Default": {
        "PHONETIC_COUNTRY": "Phonetic Country",
        "Country": "Country",
        "EDIT_WEIGHTS": {
            "ZIP": "0.5",
            "City": "0.5"
        },
        "COUNTRY": "Country",
        "FORMAT": "Street\nCity State ZIP\nCountry",
        "Street": "Street",
        "State": "State/Province",
        "ZIP": "ZIP/Postal Code",
        "EDIT_FORMAT": "Street\nCity State\nZIP Country",
        "STREET_NUMBER_BEFORE_NAME": "YES",
        "URL_FORMAT": "Street, City, State, ZIP, Country",
        "City": "City/Town/Suburb",
        "kbdSettings": {
            "State": {
                "fmt": "Alpha",
                "suggest": "never",
                "caps": "All"
            }
        }
    },
    "gq": {
        "FORMAT": "Street\nCity\nCountry",
        "PHONETIC_COUNTRY": "Phonetic Equatorial Guinea",
        "State": "State",
        "EDIT_FORMAT": "Street\nCity\nCountry",
        "Street": "Street",
        "ZIP": "PostalCode",
        "COUNTRY": "Equatorial Guinea",
        "Country": "Country",
        "URL_FORMAT": "Street, City, Country",
        "City": "City"
    },
    "mg": {
        "FORMAT": "Street\nZIP City\nCountry",
        "PHONETIC_COUNTRY": "Phonetic Madagascar",
        "State": "State",
        "EDIT_FORMAT": "Street\nZIP City\nCountry",
        "Street": "Street",
        "ZIP": "PostalCode",
        "COUNTRY": "Madagascar",
        "Country": "Country",
        "URL_FORMAT": "Street, ZIP, City, Country",
        "City": "City"
    },
    "gr": {
        "FORMAT": "Street\nZIP City\nCountry",
        "PHONETIC_COUNTRY": "Phonetic Greece",
        "Street": "Street",
        "EDIT_FORMAT": "Street\nZIP City\nCountry",
        "ZIP": "PostalCode",
        "COUNTRY": "Greece",
        "Country": "Country",
        "URL_FORMAT": "Street, ZIP, City, Country",
        "City": "City"
    },
    "ba": {
        "FORMAT": "Street\nZIP City\nCountry",
        "PHONETIC_COUNTRY": "Phonetic Bosnia and Herzegovina",
        "Street": "Street",
        "EDIT_FORMAT": "Street\nZIP City\nCountry",
        "ZIP": "PostalCode",
        "COUNTRY": "Bosnia and Herzegovina",
        "Country": "Country",
        "URL_FORMAT": "Street, ZIP, City, Country",
        "City": "City"
    },
    "jm": {
        "FORMAT": "Street\nCity ZIP\nCountry",
        "PHONETIC_COUNTRY": "Phonetic Jamaica",
        "State": "State",
        "EDIT_FORMAT": "Street\nCity ZIP\nCountry",
        "Street": "Street",
        "ZIP": "PostalCode",
        "COUNTRY": "Jamaica",
        "Country": "Country",
        "URL_FORMAT": "Street, City, ZIP, Country",
        "City": "City"
    },
    "mh": {
        "FORMAT": "Street\nZIP City\nCountry",
        "PHONETIC_COUNTRY": "Phonetic Marshall Islands",
        "Street": "Street",
        "EDIT_FORMAT": "Street\nZIP City\nCountry",
        "STREET_NUMBER_BEFORE_NAME": "YES",
        "ZIP": "PostalCode",
        "COUNTRY": "Marshall Islands",
        "Country": "Country",
        "URL_FORMAT": "Street, ZIP, City, Country",
        "City": "City"
    },
    "gs": {
        "FORMAT": "Street\nCity\nZIP\nCountry",
        "PHONETIC_COUNTRY": "Phonetic South Georgia and South Sandwich Islands",
        "State": "State",
        "EDIT_FORMAT": "Street\nCity\nZIP\nCountry",
        "Street": "Street",
        "ZIP": "PostalCode",
        "COUNTRY": "South Georgia and South Sandwich Islands",
        "Country": "Country",
        "URL_FORMAT": "Street, City, ZIP, Country",
        "City": "City"
    },
    "bb": {
        "FORMAT": "Street\nCity\nCountry",
        "PHONETIC_COUNTRY": "Phonetic Barbados",
        "State": "Province",
        "EDIT_FORMAT": "Street\nCity\nCountry",
        "Street": "Street",
        "ZIP": "PostalCode",
        "COUNTRY": "Barbados",
        "Country": "Country",
        "URL_FORMAT": "Street, City, Country",
        "City": "City"
    },
    "gt": {
        "FORMAT": "Street\nZIP City\nCountry",
        "PHONETIC_COUNTRY": "Phonetic Guatemala",
        "State": "State",
        "EDIT_FORMAT": "Street\nZIP City\nCountry",
        "Street": "Street",
        "ZIP": "PostalCode",
        "COUNTRY": "Guatemala",
        "Country": "Country",
        "URL_FORMAT": "Street, ZIP, City, Country",
        "City": "City"
    },
    "jo": {
        "FORMAT": "Region\nState\nStreet\nCity ZIP\nCountry",
        "PHONETIC_COUNTRY": "Phonetic Jordan",
        "Region": "Region",
        "EDIT_FORMAT": "Region\nState\nStreet\nCity ZIP\nCountry",
        "State": "PostalDistrict",
        "Street": "Street",
        "ZIP": "PostalCode",
        "COUNTRY": "Jordan",
        "Country": "Country",
        "URL_FORMAT": "Region, State, Street, City, ZIP, Country",
        "City": "City"
    },
    "pe": {
        "FORMAT": "Street\nCity ZIP\nCountry",
        "PHONETIC_COUNTRY": "Phonetic Peru",
        "State": "Province",
        "EDIT_FORMAT": "Street\nCity ZIP\nCountry",
        "Street": "Street",
        "ZIP": "PostalCode",
        "COUNTRY": "Peru",
        "Country": "Country",
        "URL_FORMAT": "Street, City, Country",
        "City": "City"
    },
    "mk": {
        "FORMAT": "Street\nZIP City\nCountry",
        "PHONETIC_COUNTRY": "Phonetic Macedonia",
        "Street": "Street",
        "EDIT_FORMAT": "Street\nZIP City\nCountry",
        "ZIP": "PostalCode",
        "COUNTRY": "Macedonia",
        "Country": "Country",
        "URL_FORMAT": "Street, ZIP, City, Country",
        "City": "City"
    },
    "bd": {
        "FORMAT": "Street\nCity ZIP\nCountry",
        "PHONETIC_COUNTRY": "Phonetic Bangladesh",
        "State": "State",
        "EDIT_FORMAT": "Street\nCity ZIP\nCountry",
        "Street": "Street",
        "ZIP": "PostalCode",
        "COUNTRY": "Bangladesh",
        "Country": "Country",
        "URL_FORMAT": "Street, City, ZIP, Country",
        "City": "City"
    },
    "dz": {
        "FORMAT": "Street\nZIP City\nCountry",
        "PHONETIC_COUNTRY": "Phonetic Algeria",
        "State": "State",
        "EDIT_FORMAT": "Street\nZIP City\nCountry",
        "Street": "Street",
        "ZIP": "PostalCode",
        "COUNTRY": "Algeria",
        "Country": "Country",
        "URL_FORMAT": "Street, ZIP, City, Country",
        "City": "City"
    },
    "pf": {
        "FORMAT": "Street\nZIP City State\nCountry",
        "PHONETIC_COUNTRY": "Phonetic French Polynesia",
        "State": "Island Name",
        "EDIT_FORMAT": "Street\nZIP City\nState Country",
        "Street": "Street",
        "ZIP": "PostalCode",
        "COUNTRY": "French Polynesia",
        "Country": "Country",
        "URL_FORMAT": "Street, ZIP, City, State, Country",
        "City": "City"
    },
    "sa": {
        "FORMAT": "Street\nCity ZIP\nCountry",
        "PHONETIC_COUNTRY": "Phonetic Saudi Arabia",
        "Street": "Street",
        "EDIT_FORMAT": "Street\nCity ZIP\nCountry",
        "ZIP": "PostalCode",
        "COUNTRY": "Saudi Arabia",
        "Country": "Country",
        "URL_FORMAT": "Street, City, ZIP, Country",
        "City": "City"
    },
    "ml": {
        "FORMAT": "Street\nCity\nCountry",
        "PHONETIC_COUNTRY": "Phonetic Mali",
        "State": "State",
        "EDIT_FORMAT": "Street\nCity\nCountry",
        "Street": "Street",
        "ZIP": "PostalCode",
        "COUNTRY": "Mali",
        "Country": "Country",
        "URL_FORMAT": "Street, City, Country",
        "City": "City"
    },
    "be": {
        "FORMAT": "Street\nZIP City\nCountry",
        "PHONETIC_COUNTRY": "Phonetic Belgium",
        "Street": "Street",
        "EDIT_FORMAT": "Street\nZIP City\nCountry",
        "ZIP": "PostalCode",
        "COUNTRY": "Belgium",
        "Country": "Country",
        "URL_FORMAT": "Street, ZIP, City, Country",
        "City": "City"
    },
    "pg": {
        "FORMAT": "Street\nCity ZIP State\nCountry",
        "PHONETIC_COUNTRY": "Phonetic Papua New Guinea",
        "State": "Province",
        "EDIT_FORMAT": "Street\nCity ZIP\nState Country",
        "Street": "Street",
        "ZIP": "PostalCode",
        "COUNTRY": "Papua New Guinea",
        "Country": "Country",
        "URL_FORMAT": "Street, City, ZIP, State, Country",
        "City": "City"
    },
    "sb": {
        "FORMAT": "Street\nCity\nCountry",
        "PHONETIC_COUNTRY": "Phonetic Solomon Islands",
        "State": "State",
        "EDIT_FORMAT": "Street\nCity\nCountry",
        "Street": "Street",
        "ZIP": "PostalCode",
        "COUNTRY": "Solomon Islands",
        "Country": "Country",
        "URL_FORMAT": "Street, City, Country",
        "City": "City"
    },
    "uy": {
        "FORMAT": "Street\nZIP City State\nCountry",
        "PHONETIC_COUNTRY": "Phonetic Uruguay",
        "State": "GeographicalDepartment",
        "EDIT_FORMAT": "Street\nZIP City\nState Country",
        "Street": "Street",
        "ZIP": "PostalCode",
        "COUNTRY": "Uruguay",
        "Country": "Country",
        "URL_FORMAT": "Street, ZIP, City, State, Country",
        "City": "City"
    },
    "gw": {
        "FORMAT": "Street\nZIP City\nCountry",
        "PHONETIC_COUNTRY": "Phonetic Guinea-Bissau",
        "State": "State",
        "EDIT_FORMAT": "Street\nZIP City\nCountry",
        "Street": "Street",
        "ZIP": "PostalCode",
        "COUNTRY": "Guinea-Bissau",
        "Country": "Country",
        "URL_FORMAT": "Street, ZIP, City, Country",
        "City": "City"
    },
    "bf": {
        "FORMAT": "Street\nCity ZIP\nCountry",
        "PHONETIC_COUNTRY": "Phonetic Burkina Faso",
        "State": "State",
        "EDIT_FORMAT": "Street\nCity ZIP\nCountry",
        "Street": "Street",
        "ZIP": "PostalCode",
        "COUNTRY": "Burkina Faso",
        "Country": "Country",
        "URL_FORMAT": "Street, City, ZIP, Country",
        "City": "City"
    },
    "mm": {
        "FORMAT": "Street\nCity ZIP\nCountry",
        "PHONETIC_COUNTRY": "Phonetic Myanmar",
        "State": "State",
        "EDIT_FORMAT": "Street\nCity ZIP\nCountry",
        "Street": "Street",
        "ZIP": "PostalCode",
        "COUNTRY": "Myanmar",
        "Country": "Country",
        "URL_FORMAT": "Street, City, ZIP, Country",
        "City": "City"
    },
    "ph": {
        "FORMAT": "Street State\nZIP City\nCountry",
        "PHONETIC_COUNTRY": "Phonetic Philippines",
        "State": "District\/Subdivision",
        "EDIT_FORMAT": "Street\nState ZIP\nCity Country",
        "Street": "Street",
        "ZIP": "Postcode",
        "COUNTRY": "Philippines",
        "Country": "Country",
        "URL_FORMAT": "Street, State, ZIP, City, Country",
        "City": "City"
    },
    "sc": {
        "FORMAT": "Street\nCity\nCountry",
        "PHONETIC_COUNTRY": "Phonetic Seychelles",
        "State": "State",
        "EDIT_FORMAT": "Street\nCity\nCountry",
        "Street": "Street",
        "ZIP": "PostalCode",
        "COUNTRY": "Seychelles",
        "Country": "Country",
        "URL_FORMAT": "Street, City, Country",
        "City": "City"
    },
    "mn": {
        "FORMAT": "Street\nCity ZIP\nCountry",
        "PHONETIC_COUNTRY": "Phonetic Mongolia",
        "State": "State",
        "EDIT_FORMAT": "Street\nCity ZIP\nCountry",
        "Street": "Street",
        "ZIP": "PostalCode",
        "COUNTRY": "Mongolia",
        "Country": "Country",
        "URL_FORMAT": "Street, City, ZIP, Country",
        "City": "City"
    },
    "bg": {
        "FORMAT": "Street\nZIP City\nCountry",
        "PHONETIC_COUNTRY": "Phonetic Bulgaria",
        "Street": "Street",
        "EDIT_FORMAT": "Street\nZIP City\nCountry",
        "ZIP": "PostalCode",
        "COUNTRY": "Bulgaria",
        "Country": "Country",
        "URL_FORMAT": "Street, ZIP, City, Country",
        "City": "City"
    },
    "sd": {
        "FORMAT": "Street\nZIP\nCity\nCountry",
        "PHONETIC_COUNTRY": "Phonetic Sudan",
        "State": "State",
        "EDIT_FORMAT": "Street\nZIP\nCity\nCountry",
        "Street": "Street",
        "ZIP": "PostalCode",
        "COUNTRY": "Sudan",
        "Country": "Country",
        "URL_FORMAT": "Street, ZIP, City, Country",
        "City": "City"
    },
    "uz": {
        "FORMAT": "Street\nCity\nCountry\nZIP",
        "PHONETIC_COUNTRY": "Phonetic Uzbekistan",
        "State": "State",
        "EDIT_FORMAT": "Street\nCity\nCountry\nZIP",
        "Street": "Street",
        "ZIP": "PostalCode",
        "COUNTRY": "Uzbekistan",
        "Country": "Country",
        "URL_FORMAT": "Street, City, ZIP, Country",
        "City": "City"
    },
    "gy": {
        "FORMAT": "Street\nCity\nCountry",
        "PHONETIC_COUNTRY": "Phonetic Guyana",
        "State": "State",
        "EDIT_FORMAT": "Street\nCity\nCountry",
        "Street": "Street",
        "ZIP": "PostalCode",
        "COUNTRY": "Guyana",
        "Country": "Country",
        "URL_FORMAT": "Street, City, Country",
        "City": "City"
    },
    "bh": {
        "FORMAT": "Street\nCity ZIP\nCountry",
        "PHONETIC_COUNTRY": "Phonetic Bahrain",
        "Street": "Street",
        "EDIT_FORMAT": "Street\nCity ZIP\nCountry",
        "ZIP": "PostalCode",
        "COUNTRY": "Bahrain",
        "Country": "Country",
        "URL_FORMAT": "Street, City, ZIP, Country",
        "City": "City"
    },
    "ec": {
        "FORMAT": "Street\nZIP\nCity\nCountry",
        "PHONETIC_COUNTRY": "Phonetic Ecuador",
        "State": "State",
        "EDIT_FORMAT": "Street\nZIP\nCity\nCountry",
        "Street": "Street",
        "ZIP": "PostalCode",
        "COUNTRY": "Ecuador",
        "Country": "Country",
        "URL_FORMAT": "Street, ZIP, City, Country",
        "City": "City"
    },
    "mo": {
        "FORMAT": "Country\nZIP City\nStreet",
        "PHONETIC_COUNTRY": "Phonetic Macau",
        "State": "State",
        "EDIT_FORMAT": "Country\nZIP City\nStreet",
        "Street": "Street",
        "ZIP": "District",
        "COUNTRY": "Macau",
        "Country": "Country",
        "URL_FORMAT": "Street, City, ZIP, Country",
        "City": "City"
    },
    "se": {
        "FORMAT": "Street\nZIP City\nCountry",
        "PHONETIC_COUNTRY": "Phonetic Sweden",
        "Street": "Street",
        "EDIT_FORMAT": "Street\nZIP City\nCountry",
        "ZIP": "PostalCode",
        "COUNTRY": "Sweden",
        "Country": "Country",
        "URL_FORMAT": "Street, ZIP, City, Country",
        "City": "City"
    },
    "pk": {
        "FORMAT": "Street\nCity ZIP\nCountry",
        "PHONETIC_COUNTRY": "Phonetic Pakistan",
        "State": "State",
        "EDIT_FORMAT": "Street\nCity ZIP\nCountry",
        "Street": "Street",
        "ZIP": "PostalCode",
        "COUNTRY": "Pakistan",
        "Country": "Country",
        "URL_FORMAT": "Street, City, ZIP, Country",
        "City": "City"
    },
    "bi": {
        "FORMAT": "Street\nCity\nCountry",
        "PHONETIC_COUNTRY": "Phonetic Burundi",
        "State": "State",
        "EDIT_FORMAT": "Street\nCity\nCountry",
        "Street": "Street",
        "ZIP": "PostalCode",
        "COUNTRY": "Burundi",
        "Country": "Country",
        "URL_FORMAT": "Street, City, Country",
        "City": "City"
    },
    "va": {
        "FORMAT": "Street\nZIP City\nCountry",
        "PHONETIC_COUNTRY": "Phonetic Vatican",
        "State": "State",
        "EDIT_FORMAT": "Street\nZIP City\nCountry",
        "Street": "Street",
        "ZIP": "PostalCode",
        "COUNTRY": "Vatican",
        "Country": "Country",
        "URL_FORMAT": "Street, ZIP, City, Country",
        "City": "City"
    },
    "mq": {
        "FORMAT": "Street\nZIP City\nCountry",
        "PHONETIC_COUNTRY": "Phonetic Martinique",
        "Street": "Street",
        "EDIT_FORMAT": "Street\nZIP City\nCountry",
        "STREET_NUMBER_BEFORE_NAME": "YES",
        "ZIP": "PostalCode",
        "COUNTRY": "Martinique",
        "Country": "Country",
        "URL_FORMAT": "Street, ZIP, City, Country",
        "City": "City"
    },
    "bj": {
        "FORMAT": "Street\nCity\nCountry",
        "PHONETIC_COUNTRY": "Phonetic Benin",
        "State": "State",
        "EDIT_FORMAT": "Street\nCity\nCountry",
        "Street": "Street",
        "ZIP": "PostalCode",
        "COUNTRY": "Benin",
        "Country": "Country",
        "URL_FORMAT": "Street, City, Country",
        "City": "City"
    },
    "ee": {
        "FORMAT": "Street\nZIP City\nCountry",
        "PHONETIC_COUNTRY": "Phonetic Estonia",
        "State": "State",
        "EDIT_FORMAT": "Street\nZIP City\nCountry",
        "Street": "Street",
        "ZIP": "PostalCode",
        "COUNTRY": "Estonia",
        "Country": "Country",
        "URL_FORMAT": "Street, ZIP, City, Country",
        "City": "City"
    },
    "pl": {
        "FORMAT": "Street\nZIP City\nCountry",
        "PHONETIC_COUNTRY": "Phonetic Poland",
        "State": "State",
        "EDIT_FORMAT": "Street\nZIP City\nCountry",
        "Street": "Street",
        "ZIP": "PostalCode",
        "COUNTRY": "Poland",
        "Country": "Country",
        "URL_FORMAT": "Street, ZIP, City, Country",
        "City": "City"
    },
    "sg": {
        "FORMAT": "Street\nCity ZIP\nCountry",
        "PHONETIC_COUNTRY": "Phonetic Singapore",
        "Street": "Street",
        "EDIT_FORMAT": "Street\nCity ZIP\nCountry",
        "ZIP": "PostalCode",
        "COUNTRY": "Singapore",
        "Country": "Country",
        "URL_FORMAT": "Street, City, ZIP, Country",
        "City": "City"
    },
    "mr": {
        "FORMAT": "Street\nCity\nCountry",
        "PHONETIC_COUNTRY": "Phonetic Mauritania",
        "State": "State",
        "EDIT_FORMAT": "Street\nCity\nCountry",
        "Street": "Street",
        "ZIP": "PostalCode",
        "COUNTRY": "Mauritania",
        "Country": "Country",
        "URL_FORMAT": "Street, City, Country",
        "City": "City"
    },
    "sh": {
        "FORMAT": "Street\nCity\nZIP\nCountry",
        "PHONETIC_COUNTRY": "Phonetic Saint Helena",
        "State": "State",
        "EDIT_FORMAT": "Street\nCity\nZIP\nCountry",
        "Street": "Street",
        "ZIP": "PostalCode",
        "COUNTRY": "Saint Helena",
        "Country": "Country",
        "URL_FORMAT": "Street, City, ZIP, Country",
        "City": "City"
    },
    "vc": {
        "FORMAT": "Street\nCity\nCountry",
        "PHONETIC_COUNTRY": "Phonetic Saint Vincent and the Grenadines",
        "State": "State",
        "EDIT_FORMAT": "Street\nCity\nCountry",
        "Street": "Street",
        "ZIP": "PostalCode",
        "COUNTRY": "Saint Vincent and the Grenadines",
        "Country": "Country",
        "URL_FORMAT": "Street, City, Country",
        "City": "City"
    },
    "si": {
        "FORMAT": "Street\nZIP City\nCountry",
        "PHONETIC_COUNTRY": "Phonetic Slovenia",
        "Street": "Street",
        "EDIT_FORMAT": "Street\nZIP City\nCountry",
        "ZIP": "PostalCode",
        "COUNTRY": "Slovenia",
        "Country": "Country",
        "URL_FORMAT": "Street, ZIP, City, Country",
        "City": "City"
    },
    "bl": {
        "FORMAT": "Street\nZIP City\nCountry",
        "PHONETIC_COUNTRY": "Phonetic Saint Barthélemy",
        "Street": "Street",
        "EDIT_FORMAT": "Street\nZIP City\nCountry",
        "STREET_NUMBER_BEFORE_NAME": "YES",
        "ZIP": "PostalCode",
        "COUNTRY": "Saint Barthélemy",
        "Country": "Country",
        "URL_FORMAT": "Street, ZIP, City, Country",
        "City": "City"
    },
    "eg": {
        "FORMAT": "Street\nState\nCity\nCountry",
        "PHONETIC_COUNTRY": "Phonetic Egypt",
        "State": "District",
        "EDIT_FORMAT": "Street\nState\nCity\nCountry",
        "Street": "Street",
        "COUNTRY": "Egypt",
        "Country": "Country",
        "URL_FORMAT": "Street, State, City, Country",
        "City": "Governorate"
    },
    "mt": {
        "FORMAT": "Street\nCity\nZIP\nCountry",
        "PHONETIC_COUNTRY": "Phonetic Malta",
        "State": "State",
        "EDIT_FORMAT": "Street\nCity\nZIP\nCountry",
        "Street": "Street",
        "ZIP": "PostalCode",
        "COUNTRY": "Malta",
        "Country": "Country",
        "URL_FORMAT": "Street, City, ZIP, Country",
        "City": "City"
    },
    "bm": {
        "FORMAT": "Street\nCity ZIP\nCountry",
        "PHONETIC_COUNTRY": "Phonetic Bermuda",
        "State": "Province",
        "EDIT_FORMAT": "Street\nCity ZIP\nCountry",
        "Street": "Street",
        "ZIP": "PostalCode",
        "COUNTRY": "Bermuda",
        "Country": "Country",
        "URL_FORMAT": "Street, City, ZIP, Country",
        "City": "City"
    },
    "ve": {
        "FORMAT": "Street\nCity ZIP State\nCountry",
        "PHONETIC_COUNTRY": "Phonetic Venezuela",
        "State": "State",
        "EDIT_FORMAT": "Street\nCity ZIP\nState Country",
        "Street": "Street",
        "ZIP": "PostalCode",
        "COUNTRY": "Venezuela",
        "Country": "Country",
        "URL_FORMAT": "Street, City, ZIP, State, Country",
        "City": "City"
    },
    "mu": {
        "FORMAT": "Street\nZIP\nCity\nCountry",
        "PHONETIC_COUNTRY": "Phonetic Mauritius",
        "State": "State",
        "EDIT_FORMAT": "Street\nZIP\nCity\nCountry",
        "Street": "Street",
        "ZIP": "PostalCode",
        "COUNTRY": "Mauritius",
        "Country": "Country",
        "URL_FORMAT": "Street, ZIP, City, Country",
        "City": "City"
    },
    "bn": {
        "FORMAT": "Street\nCity ZIP\nCountry",
        "PHONETIC_COUNTRY": "Phonetic Brunei Darussalam",
        "State": "State",
        "EDIT_FORMAT": "Street\nCity ZIP\nCountry",
        "Street": "Street",
        "ZIP": "PostalCode",
        "COUNTRY": "Brunei Darussalam",
        "Country": "Country",
        "URL_FORMAT": "Street, City, ZIP, Country",
        "City": "City"
    },
    "sk": {
        "FORMAT": "Street\nZIP City\nCountry",
        "PHONETIC_COUNTRY": "Phonetic Slovakia",
        "Street": "Street",
        "EDIT_FORMAT": "Street\nZIP City\nCountry",
        "ZIP": "PostalCode",
        "COUNTRY": "Slovakia",
        "Country": "Country",
        "URL_FORMAT": "Street, ZIP, City, Country",
        "City": "City"
    },
    "mv": {
        "FORMAT": "Street\nCity ZIP\nCountry",
        "PHONETIC_COUNTRY": "Phonetic Maldives",
        "State": "State",
        "EDIT_FORMAT": "Street\nCity ZIP\nCountry",
        "Street": "Street",
        "ZIP": "PostalCode",
        "COUNTRY": "Maldives",
        "Country": "Country",
        "URL_FORMAT": "Street, City, ZIP, Country",
        "City": "City"
    },
    "bo": {
        "FORMAT": "Street\nCity\nCountry",
        "PHONETIC_COUNTRY": "Phonetic Bolivia",
        "State": "Province",
        "EDIT_FORMAT": "Street\nCity\nCountry",
        "Street": "Street",
        "ZIP": "PostalCode",
        "COUNTRY": "Bolivia",
        "Country": "Country",
        "URL_FORMAT": "Street, City, Country",
        "City": "City"
    },
    "sl": {
        "FORMAT": "Street\nCity\nCountry",
        "PHONETIC_COUNTRY": "Phonetic Sierra Leone",
        "State": "State",
        "EDIT_FORMAT": "Street\nCity\nCountry",
        "Street": "Street",
        "ZIP": "PostalCode",
        "COUNTRY": "Sierra Leone",
        "Country": "Country",
        "URL_FORMAT": "Street, City, Country",
        "City": "City"
    },
    "mw": {
        "FORMAT": "Street\nCity ZIP\nCountry",
        "PHONETIC_COUNTRY": "Phonetic Malawi",
        "State": "State",
        "EDIT_FORMAT": "Street\nCity ZIP\nCountry",
        "Street": "Street",
        "ZIP": "PostalCode",
        "COUNTRY": "Malawi",
        "Country": "Country",
        "URL_FORMAT": "Street, City, Country",
        "City": "City"
    },
    "pr": {
        "PHONETIC_COUNTRY": "Phonetic Puerto Rico",
        "Country": "Country",
        "EDIT_WEIGHTS": {
            "ZIP": "0.5",
            "City": "0.5"
        },
        "COUNTRY": "Puerto Rico",
        "FORMAT": "Street\nCity State ZIP\nCountry",
        "Street": "Street",
        "State": "State",
        "ZIP": "ZIP",
        "EDIT_FORMAT": "Street\nCity State\nZIP Country",
        "STREET_NUMBER_BEFORE_NAME": "YES",
        "URL_FORMAT": "Street, City, State, ZIP, Country",
        "City": "City",
        "kbdSettings": {
            "State": {
                "fmt": "Alpha",
                "suggest": "never",
                "caps": "All"
            }
        }
    },
    "sm": {
        "FORMAT": "Street\nZIP City State\nCountry",
        "PHONETIC_COUNTRY": "Phonetic San Marino",
        "State": "Province",
        "EDIT_FORMAT": "Street\nZIP City\nState Country",
        "Street": "Street",
        "ZIP": "PostalCode",
        "COUNTRY": "San Marino",
        "Country": "Country",
        "URL_FORMAT": "Street, ZIP, City, State, Country",
        "City": "City"
    },
    "mx": {
        "FORMAT": "Street\nZIP City State\nCountry",
        "PHONETIC_COUNTRY": "Phonetic Mexico",
        "State": "State",
        "EDIT_FORMAT": "Street\nZIP City\nState Country",
        "Street": "Street",
        "ZIP": "PostalCode",
        "COUNTRY": "Mexico",
        "Country": "Country",
        "URL_FORMAT": "Street, ZIP, City, State, Country",
        "City": "City"
    },
    "ps": {
        "FORMAT": "Street\nZIP City\nCountry",
        "PHONETIC_COUNTRY": "Palestinian Territories",
        "Street": "Street",
        "EDIT_FORMAT": "Street\nZIP City\nCountry",
        "ZIP": "PostalCode",
        "COUNTRY": "Palestinian Territories",
        "Country": "Country",
        "URL_FORMAT": "Street, ZIP, City, Country",
        "City": "City"
    },
    "sn": {
        "FORMAT": "Street\nZIP City\nCountry",
        "PHONETIC_COUNTRY": "Phonetic Senegal",
        "State": "State",
        "EDIT_FORMAT": "Street\nZIP City\nCountry",
        "Street": "Street",
        "ZIP": "PostalCode",
        "COUNTRY": "Senegal",
        "Country": "Country",
        "URL_FORMAT": "Street, ZIP, City, Country",
        "City": "City"
    },
    "vi": {
        "PHONETIC_COUNTRY": "Phonetic U.S. Virgin Islands",
        "Country": "Country",
        "EDIT_WEIGHTS": {
            "ZIP": "0.5",
            "City": "0.5"
        },
        "COUNTRY": "U.S. Virgin Islands",
        "FORMAT": "Street\nCity State ZIP\nCountry",
        "Street": "Street",
        "State": "State",
        "ZIP": "ZIP",
        "EDIT_FORMAT": "Street\nCity State\nZIP Country",
        "STREET_NUMBER_BEFORE_NAME": "YES",
        "URL_FORMAT": "Street, City, State, ZIP, Country",
        "City": "City",
        "kbdSettings": {
            "State": {
                "fmt": "Alpha",
                "suggest": "never",
                "caps": "All"
            }
        }
    },
    "my": {
        "FORMAT": "Street\nZIP City State\nCountry",
        "PHONETIC_COUNTRY": "Phonetic Malaysia",
        "State": "State",
        "EDIT_FORMAT": "Street\nZIP City\nState Country",
        "Street": "Street",
        "ZIP": "PostalCode",
        "COUNTRY": "Malaysia",
        "Country": "Country",
        "URL_FORMAT": "Street, ZIP, City, State, Country",
        "City": "City"
    },
    "br": {
        "FORMAT": "Street\nZIP City State\nCountry",
        "PHONETIC_COUNTRY": "Phonetic Brazil",
        "State": "Province",
        "EDIT_FORMAT": "Street\nZIP City\nState Country",
        "Street": "Street",
        "ZIP": "ZIP",
        "COUNTRY": "Brazil",
        "Country": "Country",
        "URL_FORMAT": "Street, ZIP, City, State, Country",
        "City": "City"
    },
    "pt": {
        "FORMAT": "Street\nZIP City\nCountry",
        "PHONETIC_COUNTRY": "Phonetic Portugal",
        "Street": "Street",
        "EDIT_FORMAT": "Street\nZIP City\nCountry",
        "ZIP": "PostalCode",
        "COUNTRY": "Portugal",
        "Country": "Country",
        "URL_FORMAT": "Street, ZIP, City, Country",
        "City": "City"
    },
    "so": {
        "FORMAT": "Street\nCity State  ZIP\nCountry",
        "PHONETIC_COUNTRY": "Phonetic Somalia",
        "State": "Region",
        "EDIT_FORMAT": "Street\nCity State\nZIP Country",
        "Street": "Street",
        "ZIP": "PostalCode",
        "COUNTRY": "Somalia",
        "Country": "Country",
        "URL_FORMAT": "Street, City, State, ZIP, Country",
        "City": "City"
    },
    "ye": {
        "FORMAT": "Street\nZIP City\nCountry",
        "PHONETIC_COUNTRY": "Phonetic Yemen",
        "Street": "Street",
        "EDIT_FORMAT": "Street\nZIP City\nCountry",
        "ZIP": "PostalCode",
        "COUNTRY": "Yemen",
        "Country": "Country",
        "URL_FORMAT": "Street, ZIP, City, Country",
        "City": "City"
    },
    "mz": {
        "FORMAT": "Street\nZIP City\nState\nCountry",
        "PHONETIC_COUNTRY": "Phonetic Mozambique",
        "State": "Province",
        "EDIT_FORMAT": "Street\nZIP City\nState\nCountry",
        "Street": "Street",
        "ZIP": "PostalCode",
        "COUNTRY": "Mozambique",
        "Country": "Country",
        "URL_FORMAT": "Street, ZIP, City, State, Country",
        "City": "City"
    },
    "bs": {
        "FORMAT": "Street\nCity State\nCountry",
        "PHONETIC_COUNTRY": "Phonetic The Bahamas",
        "State": "Island Name",
        "EDIT_FORMAT": "Street\nCity State\nCountry",
        "Street": "Street",
        "ZIP": "PostalCode",
        "COUNTRY": "The Bahamas",
        "Country": "Country",
        "URL_FORMAT": "Street, City, State, Country",
        "City": "City"
    },
    "ke": {
        "FORMAT": "Street\nCity\nZIP\nCountry",
        "PHONETIC_COUNTRY": "Phonetic Kenya",
        "State": "State",
        "EDIT_FORMAT": "Street\nCity\nZIP\nCountry",
        "Street": "Street",
        "ZIP": "PostalCode",
        "COUNTRY": "Kenya",
        "Country": "Country",
        "URL_FORMAT": "Street, City, ZIP, Country",
        "City": "City"
    },
    "bt": {
        "FORMAT": "Street\nCity\nCountry",
        "PHONETIC_COUNTRY": "Phonetic Bhutan",
        "State": "State",
        "EDIT_FORMAT": "Street\nCity\nCountry",
        "Street": "Street",
        "ZIP": "PostalCode",
        "COUNTRY": "Bhutan",
        "Country": "Country",
        "URL_FORMAT": "Street, City, Country",
        "City": "City"
    },
    "pw": {
        "PHONETIC_COUNTRY": "Phonetic Palau",
        "Country": "Country",
        "EDIT_WEIGHTS": {
            "ZIP": "0.5",
            "City": "0.5"
        },
        "COUNTRY": "Palau",
        "FORMAT": "Street\nCity State ZIP\nCountry",
        "Street": "Street",
        "State": "State",
        "ZIP": "ZIP",
        "EDIT_FORMAT": "Street\nCity State\nZIP Country",
        "STREET_NUMBER_BEFORE_NAME": "YES",
        "URL_FORMAT": "Street, City, State, ZIP, Country",
        "City": "City",
        "kbdSettings": {
            "State": {
                "fmt": "Alpha",
                "suggest": "never",
                "caps": "All"
            }
        }
    },
    "hk": {
        "FORMAT": "Country\nZIP City\nStreet",
        "PHONETIC_COUNTRY": "Phonetic Hong Kong",
        "State": "State",
        "EDIT_FORMAT": "Country\nZIP City\nStreet",
        "Street": "Street",
        "ZIP": "District",
        "COUNTRY": "Hong Kong",
        "Country": "Country",
        "URL_FORMAT": "Street, City, ZIP, Country",
        "City": "City"
    },
    "na": {
        "FORMAT": "Street\nCity\nCountry",
        "PHONETIC_COUNTRY": "Phonetic Namibia",
        "State": "State",
        "EDIT_FORMAT": "Street\nCity\nCountry",
        "Street": "Street",
        "ZIP": "PostalCode",
        "COUNTRY": "Namibia",
        "Country": "Country",
        "URL_FORMAT": "Street, City, Country",
        "City": "City"
    },
    "sr": {
        "FORMAT": "Street\nCity\nState\nCountry",
        "PHONETIC_COUNTRY": "Phonetic Suriname",
        "State": "PostalDistrict",
        "EDIT_FORMAT": "Street\nCity\nState\nCountry",
        "Street": "Street",
        "ZIP": "PostalCode",
        "COUNTRY": "Suriname",
        "Country": "Country",
        "URL_FORMAT": "Street, City, State, Country",
        "City": "City"
    },
    "vn": {
        "FORMAT": "Street\nState\nCity ZIP\nCountry",
        "PHONETIC_COUNTRY": "Phonetic Vietnam",
        "State": "Province",
        "EDIT_FORMAT": "Street\nState\nCity ZIP\nCountry",
        "Street": "Street",
        "ZIP": "PostalCode",
        "COUNTRY": "Vietnam",
        "Country": "Country",
        "URL_FORMAT": "Street, State, City, ZIP, Country",
        "City": "City"
    },
    "kg": {
        "FORMAT": "ZIP City\nStreet\nCountry",
        "PHONETIC_COUNTRY": "Phonetic Kyrgyzstan",
        "State": "State",
        "EDIT_FORMAT": "ZIP City\nStreet\nCountry",
        "Street": "Street",
        "ZIP": "PostalCode",
        "COUNTRY": "Kyrgyzstan",
        "Country": "Country",
        "URL_FORMAT": "ZIP, City, Street, Country",
        "City": "City"
    },
    "py": {
        "FORMAT": "Street\nZIP City\nCountry",
        "PHONETIC_COUNTRY": "Phonetic Paraguay",
        "State": "Province",
        "EDIT_FORMAT": "Street\nZIP City\nCountry",
        "Street": "Street",
        "ZIP": "PostalCode",
        "COUNTRY": "Paraguay",
        "Country": "Country",
        "URL_FORMAT": "Street, ZIP, City, Country",
        "City": "City"
    },
    "kh": {
        "FORMAT": "Street\nCity ZIP\nCountry",
        "PHONETIC_COUNTRY": "Phonetic Cambodia",
        "State": "State",
        "EDIT_FORMAT": "Street\nCity ZIP\nCountry",
        "Street": "Street",
        "ZIP": "PostalCode",
        "COUNTRY": "Cambodia",
        "Country": "Country",
        "URL_FORMAT": "Street, City, ZIP, Country",
        "City": "City"
    },
    "bw": {
        "FORMAT": "Street\nCity\nCountry",
        "PHONETIC_COUNTRY": "Phonetic Botswana",
        "State": "State",
        "EDIT_FORMAT": "Street\nCity\nCountry",
        "Street": "Street",
        "ZIP": "PostalCode",
        "COUNTRY": "Botswana",
        "Country": "Country",
        "URL_FORMAT": "Street, City, Country",
        "City": "City"
    },
    "nc": {
        "FORMAT": "Street\nZIP City\nCountry",
        "PHONETIC_COUNTRY": "Phonetic New Caledonia",
        "Street": "Street",
        "EDIT_FORMAT": "Street\nZIP City\nCountry",
        "ZIP": "PostalCode",
        "COUNTRY": "New Caledonia",
        "Country": "Country",
        "URL_FORMAT": "Street, ZIP, City, Country",
        "City": "City"
    },
    "er": {
        "FORMAT": "Street\nCity\nCountry",
        "PHONETIC_COUNTRY": "Phonetic Eritrea",
        "State": "State",
        "EDIT_FORMAT": "Street\nCity\nCountry",
        "Street": "Street",
        "ZIP": "PostalCode",
        "COUNTRY": "Eritrea",
        "Country": "Country",
        "URL_FORMAT": "Street, City, Country",
        "City": "City"
    },
    "st": {
        "FORMAT": "Street\nCity\nCountry",
        "PHONETIC_COUNTRY": "Phonetic Sao Tome and Principe",
        "State": "State",
        "EDIT_FORMAT": "Street\nCity\nCountry",
        "Street": "Street",
        "ZIP": "PostalCode",
        "COUNTRY": "Sao Tome and Principe",
        "Country": "Country",
        "URL_FORMAT": "Street, City, Country",
        "City": "City"
    },
    "hn": {
        "FORMAT": "Street\nZIP City State\nCountry",
        "PHONETIC_COUNTRY": "Phonetic Honduras",
        "State": "Department",
        "EDIT_FORMAT": "Street\nZIP City\nState Country",
        "Street": "Street",
        "ZIP": "PostalCode",
        "COUNTRY": "Honduras",
        "Country": "Country",
        "URL_FORMAT": "Street, ZIP, City, State, Country",
        "City": "City"
    },
    "ki": {
        "FORMAT": "Street\nCity\nState\nCountry",
        "PHONETIC_COUNTRY": "Phonetic Kiribati",
        "State": "Island Name",
        "EDIT_FORMAT": "Street\nCity\nState\nCountry",
        "Street": "Street",
        "ZIP": "PostalCode",
        "COUNTRY": "Kiribati",
        "Country": "Country",
        "URL_FORMAT": "Street, City, State, Country",
        "City": "City"
    },
    "es": {
        "FORMAT": "Street\nZIP City State\nCountry",
        "PHONETIC_COUNTRY": "Phonetic Spain",
        "State": "Province",
        "EDIT_FORMAT": "Street\nZIP City\nState Country",
        "Street": "Street",
        "ZIP": "PostalCode",
        "COUNTRY": "Spain",
        "Country": "Country",
        "URL_FORMAT": "Street, ZIP, City, State, Country",
        "City": "City"
    },
    "sv": {
        "FORMAT": "Street\nZIP City\nState\nCountry",
        "PHONETIC_COUNTRY": "Phonetic El Salvador",
        "State": "Department",
        "EDIT_FORMAT": "Street\nZIP City\nState\nCountry",
        "Street": "Street",
        "ZIP": "PostalCode",
        "COUNTRY": "El Salvador",
        "Country": "Country",
        "URL_FORMAT": "Street, ZIP, City, State, Country",
        "City": "City"
    },
    "by": {
        "FORMAT": "Street\nZIP City\nState\nCountry",
        "PHONETIC_COUNTRY": "Phonetic Belarus",
        "State": "Province",
        "EDIT_FORMAT": "Street\nZIP City\nState\nCountry",
        "Street": "Street",
        "ZIP": "PostalCode",
        "COUNTRY": "Belarus",
        "Country": "Country",
        "URL_FORMAT": "Street, ZIP, City, State, Country",
        "City": "City"
    },
    "ne": {
        "FORMAT": "Street\nZIP City\nCountry",
        "PHONETIC_COUNTRY": "Phonetic Niger",
        "Street": "Street",
        "EDIT_FORMAT": "Street\nZIP City\nCountry",
        "ZIP": "PostalCode",
        "COUNTRY": "Niger",
        "Country": "Country",
        "URL_FORMAT": "Street, ZIP, City, Country",
        "City": "City"
    },
    "et": {
        "FORMAT": "Street\nZIP City\nCountry",
        "PHONETIC_COUNTRY": "Phonetic Ethiopia",
        "State": "State",
        "EDIT_FORMAT": "Street\nZIP City\nCountry",
        "Street": "Street",
        "ZIP": "PostalCode",
        "COUNTRY": "Ethiopia",
        "Country": "Country",
        "URL_FORMAT": "Street, ZIP, City, Country",
        "City": "City"
    },
    "bz": {
        "FORMAT": "Street\nCity\nState\nCountry",
        "PHONETIC_COUNTRY": "Phonetic Belize",
        "State": "Province",
        "EDIT_FORMAT": "Street\nCity\nState\nCountry",
        "Street": "Street",
        "ZIP": "PostalCode",
        "COUNTRY": "Belize",
        "Country": "Country",
        "URL_FORMAT": "Street, City, State, Country",
        "City": "City"
    },
    "qa": {
        "FORMAT": "Street\nZIP City\nCountry",
        "PHONETIC_COUNTRY": "Phonetic Qatar",
        "Street": "Street",
        "EDIT_FORMAT": "Street\nZIP City\nCountry",
        "ZIP": "PostalCode",
        "COUNTRY": "Qatar",
        "Country": "Country",
        "URL_FORMAT": "Street, ZIP, City, Country",
        "City": "City"
    },
    "ng": {
        "FORMAT": "Street\nCity ZIP\nState\nCountry",
        "PHONETIC_COUNTRY": "Phonetic Nigeria",
        "State": "State",
        "EDIT_FORMAT": "Street\nCity ZIP\nState\nCountry",
        "Street": "Street",
        "ZIP": "PostalCode",
        "COUNTRY": "Nigeria",
        "Country": "Country",
        "URL_FORMAT": "Street, City, ZIP, State, Country",
        "City": "City"
    },
    "sy": {
        "FORMAT": "Street\nZIP City\nCountry",
        "PHONETIC_COUNTRY": "Phonetic Syria",
        "Street": "Street",
        "EDIT_FORMAT": "Street\nZIP City\nCountry",
        "ZIP": "PostalCode",
        "COUNTRY": "Syria",
        "Country": "Country",
        "URL_FORMAT": "Street, ZIP, City, Country",
        "City": "City"
    },
    "hr": {
        "FORMAT": "Street\nZIP City\nCountry",
        "PHONETIC_COUNTRY": "Phonetic Croatia",
        "Street": "Street",
        "EDIT_FORMAT": "Street\nZIP City\nCountry",
        "ZIP": "PostalCode",
        "COUNTRY": "Croatia",
        "Country": "Country",
        "URL_FORMAT": "Street, ZIP, City, Country",
        "City": "City"
    },
    "ca": {
        "FORMAT": "Street\nCity State ZIP\nCountry",
        "PHONETIC_COUNTRY": "Phonetic Canada",
        "State": "Province",
        "EDIT_FORMAT": "Street\nCity State\nZIP Country",
        "Street": "Street",
        "kbdSettings": {
            "ZIP": {
                "fmt": "Alpha",
                "caps": "All"
            }
        },
        "ZIP": "PostalCode",
        "COUNTRY": "Canada",
        "Country": "Country",
        "URL_FORMAT": "Street, City, State, ZIP, Country",
        "City": "City"
    },
    "km": {
        "FORMAT": "Street\nCity\nCountry",
        "PHONETIC_COUNTRY": "Phonetic Comoros",
        "State": "State",
        "EDIT_FORMAT": "Street\nCity\nCountry",
        "Street": "Street",
        "ZIP": "PostalCode",
        "COUNTRY": "Comoros",
        "Country": "Country",
        "URL_FORMAT": "Street, City, Country",
        "City": "City"
    },
    "sz": {
        "FORMAT": "Street\nCity\nZIP\nCountry",
        "PHONETIC_COUNTRY": "Phonetic Swaziland",
        "State": "State",
        "EDIT_FORMAT": "Street\nCity\nZIP\nCountry",
        "Street": "Street",
        "ZIP": "PostalCode",
        "COUNTRY": "Swaziland",
        "Country": "Country",
        "URL_FORMAT": "Street, City, ZIP, Country",
        "City": "City"
    },
    "kn": {
        "FORMAT": "Street\nZIP City State\nCountry",
        "PHONETIC_COUNTRY": "Phonetic Saint Kitts and Nevis",
        "State": "Island Name",
        "EDIT_FORMAT": "Street\nZIP City\nState Country",
        "Street": "Street",
        "ZIP": "PostalCode",
        "COUNTRY": "Saint Kitts and Nevis",
        "Country": "Country",
        "URL_FORMAT": "Street, ZIP, City, State, Country",
        "City": "City"
    },
    "ni": {
        "FORMAT": "Street\nZIP\nCity State\nCountry",
        "PHONETIC_COUNTRY": "Phonetic Nicaragua",
        "State": "Department",
        "EDIT_FORMAT": "Street\nZIP\nCity State\nCountry",
        "Street": "Street",
        "ZIP": "PostalCode",
        "COUNTRY": "Nicaragua",
        "Country": "Country",
        "URL_FORMAT": "Street, ZIP, City, State, Country",
        "City": "City"
    },
    "vu": {
        "FORMAT": "Street\nCity\nCountry",
        "PHONETIC_COUNTRY": "Phonetic Vanuatu",
        "State": "State",
        "EDIT_FORMAT": "Street\nCity\nCountry",
        "Street": "Street",
        "ZIP": "PostalCode",
        "COUNTRY": "Vanuatu",
        "Country": "Country",
        "URL_FORMAT": "Street, City, Country",
        "City": "City"
    },
    "ht": {
        "FORMAT": "Street\nZIP City\nCountry",
        "PHONETIC_COUNTRY": "Phonetic Haiti",
        "State": "State",
        "EDIT_FORMAT": "Street\nZIP City\nCountry",
        "Street": "Street",
        "ZIP": "PostalCode",
        "COUNTRY": "Haiti",
        "Country": "Country",
        "URL_FORMAT": "Street, ZIP, City, Country",
        "City": "City"
    },
    "hu": {
        "FORMAT": "ZIP City\nStreet\nCountry",
        "PHONETIC_COUNTRY": "Phonetic Hungary",
        "Street": "Street",
        "EDIT_FORMAT": "ZIP City\nStreet\nCountry",
        "ZIP": "PostalCode",
        "COUNTRY": "Hungary",
        "Country": "Country",
        "URL_FORMAT": "ZIP, City, Street, Country",
        "City": "City"
    },
    "cd": {
        "FORMAT": "Street\nZIP City\nCountry",
        "PHONETIC_COUNTRY": "Phonetic Democratic Republic of the Congo",
        "State": "State",
        "EDIT_FORMAT": "Street\nCity ZIP\nCountry",
        "Street": "Street",
        "ZIP": "PostalCode",
        "COUNTRY": "Democratic Republic of the Congo",
        "Country": "Country",
        "URL_FORMAT": "Street, City, ZIP, Country",
        "City": "City"
    },
    "kp": {
        "FORMAT": "Street\nCity\nCountry",
        "PHONETIC_COUNTRY": "Phonetic North Korea",
        "State": "Province",
        "EDIT_FORMAT": "Street\nCity\nCountry",
        "Street": "Street",
        "ZIP": "PostalCode",
        "COUNTRY": "North Korea",
        "Country": "Country",
        "URL_FORMAT": "Street, City, Country",
        "City": "City"
    },
    "nl": {
        "FORMAT": "Street\nZIP City\nCountry",
        "PHONETIC_COUNTRY": "Phonetic Netherlands",
        "Street": "Street",
        "EDIT_FORMAT": "Street\nZIP City\nCountry",
        "ZIP": "PostalCode",
        "COUNTRY": "Netherlands",
        "Country": "Country",
        "URL_FORMAT": "Street, ZIP, City, Country",
        "City": "City"
    },
    "ai": {
        "FORMAT": "Street\nCity\nZIP Country",
        "PHONETIC_COUNTRY": "Phonetic Anguilla",
        "Street": "Street",
        "EDIT_FORMAT": "Street\nCity\nZIP Country",
        "ZIP": "PostalCode",
        "COUNTRY": "Anguilla",
        "Country": "Country",
        "URL_FORMAT": "Street, City, ZIP, Country",
        "City": "City"
    },
    "aw": {
        "FORMAT": "Street\nCity\nCountry",
        "PHONETIC_COUNTRY": "Phonetic Aruba",
        "Street": "Street",
        "EDIT_FORMAT": "Street\nCity\nCountry",
        "ZIP": "PostalCode",
        "COUNTRY": "Aruba",
        "Country": "Country",
        "URL_FORMAT": "Street, City, Country",
        "City": "City"
    },
    "cc": {
        "FORMAT": "Street\nCity State ZIP\nCountry",
        "PHONETIC_COUNTRY": "Phonetic Cocos Islands",
        "State": "State",
        "EDIT_FORMAT": "Street\nCity State\nZIP Country",
        "Street": "Street",
        "ZIP": "PostalCode",
        "COUNTRY": "Cocos Islands",
        "Country": "Country",
        "URL_FORMAT": "Street, City, State, ZIP, Country",
        "City": "Suburb"
    },
    "ck": {
        "FORMAT": "Street\nCity\nCountry",
        "PHONETIC_COUNTRY": "Phonetic Cook Islands",
        "Street": "Street",
        "EDIT_FORMAT": "Street\nCity\nCountry",
        "ZIP": "PostalCode",
        "COUNTRY": "Cook Islands",
        "Country": "Country",
        "URL_FORMAT": "Street, City, Country",
        "City": "City"
    },
    "cw": {
        "FORMAT": "Street\nCity\nCountry",
        "PHONETIC_COUNTRY": "Phonetic Curaçao",
        "Street": "Street",
        "EDIT_FORMAT": "Street\nCity\nCountry",
        "ZIP": "PostalCode",
        "COUNTRY": "Curaçao",
        "Country": "Country",
        "URL_FORMAT": "Street, City, Country",
        "City": "City"
    },
    "cx": {
        "FORMAT": "Street\nCity State ZIP\nCountry",
        "PHONETIC_COUNTRY": "Phonetic Christmas Island",
        "State": "State",
        "EDIT_FORMAT": "Street\nCity State\nZIP Country",
        "Street": "Street",
        "ZIP": "PostalCode",
        "COUNTRY": "Christmas Island",
        "Country": "Country",
        "URL_FORMAT": "Street, City, State, ZIP, Country",
        "City": "Suburb"
    },
    "eh": {
        "FORMAT": "Street\nCity\nCountry",
        "PHONETIC_COUNTRY": "Phonetic Western Sahara",
        "Street": "Street",
        "EDIT_FORMAT": "Street\nCity\nCountry",
        "ZIP": "PostalCode",
        "COUNTRY": "Western Sahara",
        "Country": "Country",
        "URL_FORMAT": "Street, City, Country",
        "City": "City"
    },
    "gd": {
        "FORMAT": "Street\nCity\nCountry",
        "PHONETIC_COUNTRY": "Phonetic Grenada",
        "Street": "Street",
        "EDIT_FORMAT": "Street\nCity\nCountry",
        "ZIP": "PostalCode",
        "COUNTRY": "Grenada",
        "Country": "Country",
        "URL_FORMAT": "Street, City, Country",
        "City": "City"
    },
    "gf": {
        "FORMAT": "Street\nZIP City\nCountry",
        "PHONETIC_COUNTRY": "Phonetic French Guiana",
        "Street": "Street",
        "EDIT_FORMAT": "Street\nZIP City\nCountry",
        "STREET_NUMBER_BEFORE_NAME": "YES",
        "ZIP": "PostalCode",
        "COUNTRY": "French Guiana",
        "Country": "Country",
        "URL_FORMAT": "Street, ZIP, City, Country",
        "City": "City"
    },
    "gu": {
        "FORMAT": "Street\nCity ZIP\nCountry",
        "PHONETIC_COUNTRY": "Phonetic Guam",
        "Street": "Street",
        "EDIT_FORMAT": "Street\nCity ZIP\nCountry",
        "STREET_NUMBER_BEFORE_NAME": "YES",
        "ZIP": "PostalCode",
        "COUNTRY": "Guam",
        "Country": "Country",
        "URL_FORMAT": "Street, City, ZIP, Country",
        "City": "City"
    },
    "hn": {
        "FORMAT": "Street\nZIP City\nCountry",
        "PHONETIC_COUNTRY": "Phonetic Honduras",
        "Street": "Street",
        "EDIT_FORMAT": "Street\nZIP City\nCountry",
        "STREET_NUMBER_BEFORE_NAME": "YES",
        "ZIP": "PostalCode",
        "COUNTRY": "Honduras",
        "Country": "Country",
        "URL_FORMAT": "Street, ZIP, City, Country",
        "City": "City"
    },
    "mq": {
        "FORMAT": "Street\nZIP City\nCountry",
        "PHONETIC_COUNTRY": "Phonetic Martinique",
        "Street": "Street",
        "EDIT_FORMAT": "Street\nZIP City\nCountry",
        "STREET_NUMBER_BEFORE_NAME": "YES",
        "ZIP": "PostalCode",
        "COUNTRY": "Martinique",
        "Country": "Country",
        "URL_FORMAT": "Street, ZIP, City, Country",
        "City": "City"
    },
    "ms": {
        "FORMAT": "Street\nCity\nCountry",
        "PHONETIC_COUNTRY": "Phonetic Montserrat",
        "Street": "Street",
        "EDIT_FORMAT": "Street\nCity\nCountry",
        "ZIP": "PostalCode",
        "COUNTRY": "Montserrat",
        "Country": "Country",
        "URL_FORMAT": "Street, City, Country",
        "City": "City"
    },
    "nf": {
        "FORMAT": "Street\nCity ZIP\nCountry",
        "PHONETIC_COUNTRY": "Phonetic Norfolk Island",
        "Street": "Street",
        "EDIT_FORMAT": "Street\nCity ZIP\nCountry",
        "STREET_NUMBER_BEFORE_NAME": "YES",
        "ZIP": "PostalCode",
        "COUNTRY": "Norfolk Island",
        "Country": "Country",
        "URL_FORMAT": "Street, City, ZIP, Country",
        "City": "City"
    },
    "nu": {
        "FORMAT": "Street\nCity\nCountry",
        "PHONETIC_COUNTRY": "Phonetic Niue",
        "Street": "Street",
        "EDIT_FORMAT": "Street\nCity\nCountry",
        "ZIP": "PostalCode",
        "COUNTRY": "Niue",
        "Country": "Country",
        "URL_FORMAT": "Street, City, Country",
        "City": "City"
    },
    "pn": {
        "FORMAT": "Street\nCity\nZIP\nCountry",
        "PHONETIC_COUNTRY": "Phonetic Pitcairn",
        "Street": "Street",
        "EDIT_FORMAT": "Street\nCity\nZIP\nCountry",
        "ZIP": "PostalCode",
        "COUNTRY": "Pitcairn",
        "Country": "Country",
        "URL_FORMAT": "Street, City, ZIP, Country",
        "City": "City"
    },
    "sj": {
        "FORMAT": "Street\nZIP City\nCountry",
        "PHONETIC_COUNTRY": "Phonetic Svalbard and Jan Mayen",
        "Street": "Street",
        "EDIT_FORMAT": "Street\nZIP City\nCountry",
        "STREET_NUMBER_BEFORE_NAME": "YES",
        "ZIP": "PostalCode",
        "COUNTRY": "Svalbard and Jan Mayen",
        "Country": "Country",
        "URL_FORMAT": "Street, ZIP, City, Country",
        "City": "City"
    },
    "ss": {
        "FORMAT": "Street\nCity\nCountry",
        "PHONETIC_COUNTRY": "Phonetic South Sudan",
        "Street": "Street",
        "EDIT_FORMAT": "Street\nCity\nCountry",
        "ZIP": "PostalCode",
        "COUNTRY": "South Sudan",
        "Country": "Country",
        "URL_FORMAT": "Street, City, Country",
        "City": "City"
    },
    "sx": {
        "FORMAT": "Street\nCity\nCountry",
        "PHONETIC_COUNTRY": "Phonetic Sint Maarten",
        "Street": "Street",
        "EDIT_FORMAT": "Street\nCity\nCountry",
        "ZIP": "PostalCode",
        "COUNTRY": "Sint Maarten",
        "Country": "Country",
        "URL_FORMAT": "Street, City, Country",
        "City": "City"
    },
    "tc": {
        "FORMAT": "Street\nCity\nZIP\nCountry",
        "PHONETIC_COUNTRY": "Phonetic Turks and Caicos Islands",
        "Street": "Street",
        "EDIT_FORMAT": "Street\nCity\nZIP\nCountry",
        "ZIP": "PostalCode",
        "COUNTRY": "Turks and Caicos Islands",
        "Country": "Country",
        "URL_FORMAT": "Street, City, ZIP, Country",
        "City": "City"
    },
    "tk": {
        "FORMAT": "Street\nState\nCity ZIP\nCountry",
        "PHONETIC_COUNTRY": "Phonetic Tokelau",
        "State": "Suburb",
        "EDIT_FORMAT": "Street\nState\nCity ZIP\nCountry",
        "Street": "Street",
        "ZIP": "PostalCode",
        "COUNTRY": "Tokelau",
        "Country": "Country",
        "URL_FORMAT": "Street, State, City, ZIP, Country",
        "City": "City"
    },
    "um": {
        "PHONETIC_COUNTRY": "Phonetic United States Minor Outlying Islands",
        "Country": "Country",
        "EDIT_WEIGHTS": {
            "ZIP": "0.5",
            "City": "0.5"
        },
        "COUNTRY": "United States Minor Outlying Islands",
        "FORMAT": "Street\nCity State ZIP\nCountry",
        "Street": "Street",
        "State": "State",
        "ZIP": "ZIP",
        "EDIT_FORMAT": "Street\nCity State\nZIP Country",
        "STREET_NUMBER_BEFORE_NAME": "YES",
        "URL_FORMAT": "Street, City, State, ZIP, Country",
        "City": "City",
        "kbdSettings": {
            "State": {
                "fmt": "Alpha",
                "suggest": "never",
                "caps": "All"
            }
        }
    },
    "wf": {
        "FORMAT": "Street\nZIP City\nCountry",
        "PHONETIC_COUNTRY": "Phonetic Wallis and Futuna",
        "Street": "Street",
        "EDIT_FORMAT": "Street\nZIP City\nCountry",
        "ZIP": "PostalCode",
        "COUNTRY": "Wallis and Futuna",
        "Country": "Country",
        "URL_FORMAT": "Street, ZIP, City, Country",
        "City": "City"
    },
    "yt": {
        "FORMAT": "Street\nZIP City\nCountry",
        "PHONETIC_COUNTRY": "Phonetic Mayotte",
        "Street": "Street",
        "EDIT_FORMAT": "Street\nZIP City\nCountry",
        "ZIP": "PostalCode",
        "COUNTRY": "Mayotte",
        "Country": "Country",
        "URL_FORMAT": "Street, ZIP, City, Country",
        "City": "City"
    },
    "as": {
        "FORMAT": "Street\nCity ZIP\nCountry",
        "PHONETIC_COUNTRY": "Phonetic American Samoa",
        "Street": "Street",
        "EDIT_FORMAT": "Street\nCity ZIP\nCountry",
        "ZIP": "PostalCode",
        "COUNTRY": "American Samoa",
        "Country": "Country",
        "URL_FORMAT": "Street, City, ZIP, Country",
        "City": "City"
    }
}